100,출석보상,DAILY REWARDS,デイリー報酬,签到奖励,簽到獎勵,รางวัลการเข้าร่วม,Hadiah Kehadiran,Thưởng đăng nhập,Récompense de présence
200,보상 획득!,EARNED A REWARD!,報酬ゲット！,奖励领取成功！,獎勵領取成功！,ได้รับรางวัลแล้ว!,Mendapatkan Hadiah,Nhận thưởng,Obtention de récompense!
300,첫 입장선물!,WELCOME GIFT!,ウェルカムプレゼント！,欢迎礼包！,歡迎禮包！,ของขวัญแรกเข้า!,Hadiah Masuk Pertama!,Quà cho lần tham gia đầu tiên,Cadeau pour la première entrée!
400,K-원더랜드 머리띠,K-WONDERLAND HAIRBAND,K-ワンダーランドヘアバンド,K-WONDERLAND发箍,K-WONDERLAND髮箍,ที่คาดผม K-วันเดอร์แลนด์  ,Ikat rambut K-WONDERLAND,Vòng buộc đầu WONDERLAND,Bandeau de K-WONDERLAND
500,획득한 마스터 배지,MASTER BADGES EARNED,ゲットしたマスターバッチ,已获得大师徽章,已获得大师徽章,ได้รับเหรียญตรามาสเตอร์,Mendapatkan Lencana Master,Huy hiệu Master được thưởng,Master badge obtenu
601,K-원더랜드 마스터 배지,K-WONDERLAND Master Badge,K-ワンダーランドマスターバッジ,K-WONDERLAND大师徽章,K-WONDERLAND大師徽章,ตรามาสเตอร์ของ K-วันเดอร์แลนด์,Lencana Master K-WONDERLAND,Huy hiệu Master K-WONDERLAND,K-WONDERLAND bagde Master
602,K-WONDERLAND에서 K-DRAW 게임을 완료하면 마스터 배지를 얻을 수 있어!,You can earn the Master Badge by completing the K-DRAW game in<br>K-WONDERLAND!,K-WONDERLANDでK-DRAWゲームをクリアすると、マスターバッジがもらえるよ！,在K-WONDERLAND完成K-DRAW游戏可获得大师徽章,在K-WONDERLAND完成K-DRAW遊戲可獲得大師徽章,ถ้าเล่นเกม K-DRAW ที่ K-WONDERLAND เสร็จ จะได้รับตรามาสเตอร์!,Selesaikan permainan K-DRAW di K-WONDERLAND untuk mendapatkan Lencana Master!,Nếu hoàn thành game K-DRAW ở K-WONDERLAND thì có thể nhận huy hiệu master,Tu peux obtenir le badge Master en jouant au jeu K-DRAW au K-WONDERLAND
611,K-스테이지 마스터 배지,K-STAGE MASTER BADGE,K-ステージマスターバッチ,K-STAGE大师徽章,K-STAGE大師徽章,เหรียญตรามาสเตอร์ K-เวทีมาสเตอร์,K-STAGE Master Badge,Huy hiệu Master K-STAGE,K-STAGE master bade
612,K-STAGE의 포즈 아이돌 게임에서 일정 점수를 획득하면 보상을 받을 수 있어요.,You can earn rewards by scoring certain points in<br>K-STAGE’s PoseIdol game!,K-STAGEのポーズアイドルゲームで一定のスコアを獲得すると、報酬がもらえます。,在K-STAGE的摆姿偶像游戏中获得一定的分数则可获取奖励。,在K-STAGE的擺姿偶像遊戲中獲得一定的分數則可獲取獎勵。,หากคุณได้รับคะแนนในเกม Poseidol ของ K-STAGE คุณจะได้รับรางวัล,"Dalam permainan Poseidol K-STAGE, kamu bisa mendapatkan hadiah dengan mencetak sejumlah poin.","Trong trò chơi Poseidol K-STAGE, nếu bạn đạt được một số điểm nhất định thì có thể nhận được phần thưởng","Vous pouvez avoir une ou des récompenses si vous arrive à avoir un point déterminé au jeu de ""Poseidole"" de K-STAGE. "
621,K-스튜디오 마스터 배지,K-STUDIO MASTER BADGE,K-スタジオマスターバッチ,K-STUDIO大师徽章,K-STUDIO大師徽章,เหรียญตรามาสเตอร์ K-สตูดิโอมาสเตอร์,K-STUDIO Master Badge,Huy hiệu Master K-STUDIO,K-STUDIO master badge
622,K-STUDIO의 한강레이스 게임에서 일정 점수를 획득하면 얻을 수 있어!,You can earn it by achieving a certain point in the HAN RIVER RACE GAME at K-STUDIO!,K-STUDIOの漢江レースゲームで一定ポイントをゲットすると手に入るよ！,在K-STUDIO的汉江赛跑中得到一定分数便可获得,在K-STUDIO的漢江賽跑中得到一定分數便可獲得,ถ้าได้รับคะแนนที่กำหนดไว้ในเกมแข่งรถแม่น้ำฮันของ K-STUDIO ก็จะได้คะแนนได้!,Raih poin dalam jumlah tertentu di game Han River Race dari K-STUDIO!,Có thể nhận điểm số điểm nhất định khi chơi đua xe sông Hàn ở K-STUDIO!,Tu peux l'obtenir en ayant un score stable au jeu Hangang Race dans le K-STUDIO !
700,티켓,TICKETS,チケット,入场券,入場券,ตั๋ว,Tiket,Vé,Billet
800,랭킹,RANKINGS,ランキング,排名,排名,อันดับ,Peringkat,Xếp hạng,Classement
900,히든 아이템,HIDDEN ITEMS,隠しアイテム,隐藏道具,隱藏道具,ไอเท็มลับ,Item Tersembunyi,Item,Objet secret
1000,확인,CONFIRM,OK,确认,確認,ยืนยัน,Memastikan,Xác nhận,Vérification
1100,취소,CANCEL,キャンセル,取消,取消,ยกเลิก,Batal,Huỷ,Annulation
1200,그만하기,QUIT,やめる,离开,離開,เลิก,Berhenti,Từ bỏ,Quitter
1300,다시하기,RETRY,もう一度プレイ,重试,重試,เล่นอีกครั้ง,Mulai Lsgi,Lại,Reprendre 
1400,피드 업로드,UPLOAD FEED,フィード投稿,上传Feed,上傳Feed,อัปโหลดฟีด,Mengunggah Feed,Tải lên feed,Partager publication
1500,화면을 터치해주세요,TOUCH THE SCREEN,画面をタッチしてください,请点击画面,請點擊畫面,กรุณาสัมผัสหน้าจอ,Sentuh Layar,Hãy chạm vào màn hình,Touchez l’écran
1600,MINI MAP,MINI MAP,MINI MAP,MINI MAP,,MINI MAP,MINI MAP,MINI MAP,MINI MAP
1700,K-원더캐슬에 입장해 재밌는 게임들을 즐겨봐요!,Enter the K-WONDER CASTLE and enjoy the fun games!,ワンダーキャッスルに入場してゲームを楽しんでみましょう！,进入WONDER CASTLE享受有趣的游戏,進入WONDER CASTLE享受有趣的遊戲,เข้ามาสนุกกับเกมสนุกๆใน Wonder Castle กันเถอะ!,Masuki WONDER CASTLE dan mainkan berbagai permainan seru!,Vào Wonder Castle và tận hưởng những trò chơi thú vị!,Découvrez les jeux palpitants en entrand au WONDER CASTLE !
1800,"K-DRAW에서 K,WON,DER,LAND를 뽑아 마스터 배지를 획득해봐요!","Get the Master Badge by K,WON,DER,LAND at K-DRAW!","K-DRAWでK,WON,WON,DER,LANDを引いてマスターバッジをゲットしましょう！",K-DRAW中抽到K、WON、DER、LAND便可获得大师徽章,K-DRAW中抽到K、WON、DER、LAND便可獲得大師徽章,"เลือก K, WON, DER, LAND จาก K-DRAW แล้วรับตรา Master ไปเลยครับ","Dapatkan K, WON, DER, LAND di K-DRAW untuk mendapatkan Lencana Master!","Chọn K, WON, DER, LAND từ K-DRAW và thu thập huy hiệu master!","Obtenez le badge Master en sélectionnant K,WON,DER,LAND au jeu K-DRAW !"
1900,무대에 올라가 K-POP 스타가 되어봐요!,BECOME A K-POP STAR ON STAGE!,ステージに上がってK-POPスターになってみよう！,登上舞台成为K-pop明星吧！,登上舞臺成爲K-pop明星吧！,ขึ้นไปบนเวทีและมา เป็นK-POPสตาร์กันเถอะ!,Naiklah ke atas panggung dan jadilah bintang K-POP!,Hãy lên sân khấu và thử trở thành ngôi sao K-POP nhé!,Soyez une star de K-POP en montant sur une scène!
2000,마스터 배지를 모두 모아야 들어갈 수 있어요!,YOU CAN ONLY ENTER AFTER COLLECTING ALL MASTER BADGES!,マスターバッチを全部集めないと入れません！,只有集全所有大师徽章才能入场！,只有集全所有大師徽章才能入場！,ต้องรวบรวมเหรียญตรามาสเตอร์ทั้งหมดถึงจะเข้าไปได้!,Kumpulkan semua Lencana Master untuk bisa masuk!,Bạn cần thu thập tất cả huy hiệu Master để có thể vào trong!,Vous avez besoin de tous les master badges pour y entrer!
2100,한강의 야경을 배경으로 다양한 체험을 해봐요!,Experience a variety of activities with the night view of the Han River in your backdrop!,漢江の夜景を背景に様々な体験をしてみましょう！,以汉江为背景进行多种体验,以漢江為背景進行多種體驗,ลองมามีประสบการณ์ที่หลากหลายโดยเป็นฉากวิวแม่น้ำฮันตอนกลางคืนด้วยนะครับ,Nikmati berbagai macam permainan dengan pemandangan malam Sungai Han!,Trải nghiệm đa dạng với cảnh đêm sông Hàn!,Décrouvrez de nouvelles expériences avec l'arrière-plan nocturne de Hangang !
2200,K-WONDERHALL에서 다양한 K-콘텐츠를 만나봐요.,Meet a variety of K-Content at K-WONDERHALL!,K-WONDERHALLで様々なK-コンテンツを紹介します。,在K-WONDERAND体验多种K-内容,在K-WONDERAND體驗多種K-內容,ลองมาดู K-คอนเทนท์ ที่หลากหลายใน K-WONDERHALLด้วยนะครับ,K-WONDERHALL menghadirkan berbagai macam K-CONTENT,Thưởng thức nhiều K-Content khác nhau tại K-WONDERHALL.,Décrouvrez divers K-CONTENTS dans le K-WONDERHALL.
2300,PHOTO ZONE에서 나만의 인생샷을 남겨보세요!,Take your own unforgettable photos at the PHOTO ZONE!,PHOTO ZONEで私だけの最高の写真を残しましょう！,在PHOTO ZONE留下专属自己的人生照,在PHOTO ZONE留下專屬自己的人生照,มาถ่ายรูปสวยดีที่สุดใน PHOTO ZONE กันนะครับ!,Abadikan momen indahmu di PHOTO ZONE!,Chụp ảnh kỷ niệm tại PHOTO ZONE!,Laissez une photo-souvenir dans la PHOTO ZONE !
2400,하늘 위로 올라가 K-원더랜드를 감상해 봐요!,FLY HIGH UP IN THE SKY TO ENJOY A VIEW OF K-WONDERLAND!,空に飛んでK-ワンダーランドを眺めてみよう！,飞到天空中欣赏K-WONDERLAND吧！,飞到天空中欣赏K-WONDERLAND吧,ขึ้นสู่(ท้อง)ฟ้าและเพลิดเพลินกับK- วันเดอร์แลนด์กันเถอะ!,Terbanglah ke langit dan nikmati K-WONDERLAND!,Hãy bay lên trời và thưởng thức K-WONDERLAND!,Montez au ciel et sentez le K-WONDERLAND!
2500,귀신들을 피해 폐교를 탈출해요!,ESCAPE THE CLOSED SCHOOL BY AVOIDING AROUND THE GHOSTS!,オバケから逃げて廃校から脱出しよう！,避开鬼魂，逃出废弃学校吧！,避开鬼魂，逃出废弃学校吧！,เคลื่อนที่ปิดโรงเรียนและหนีผี,Melarikan diri dari sekolah yang Terbengkalai sambil menghindari hantu!,Thoái khỏi trường học bỏ hoang để tránh ma quỷ!,Échappez à l’école fermée en évitant des fantômes!
2600,더욱 새로워진 K-원더랜드에 온 걸 환영해! 여기서 너의 모든 꿈을 이룰 수 있을 거야,Welcome to the whole new K-Wonderland! You will have all the dream become real here!,さらに新しくなったK-ワンダーワールドへようこそ！ここであなたのすべての夢を叶えることができるよ！,欢迎来到焕然一新的K-WONDERLAND！在这里你可以梦想成真！,歡迎來到煥然一新的K-WONDERLAND！在這裡你可以夢想成真！,ยินดีต้อนรับสู่ K-วันเดอร์แลนด์ทีใหม่ ความฝันทั้งหมดของคุณจะกลายเป็นจริงที่นี่!,"Selamat datang di K-WONDERLAND versi baru dan yang lebih baik, di mana kamu bisa mewujudkan semua mimpimu!",Chào mừng đến với K-Wonderland mới! Tại đây mọi giấc mơ của bạn có thể trở thành hiện thực!,Bienvenue dans le tout nouveau K-WONDERLAND ! Tu peux réaliser tous tes rêves ici !
2700,"새로운 게임 K-DRAW와 달라진 K-WONDERHALL, PHOTO ZONE을 체험해 봐! 어때, 기대되지?","Try the new game K-DRAW together with the revamped K-WONDERHALL, and the PHOTO ZONE! How does it sound? Exciting, right?",新しいゲームK-DRAWと変化したK-WONDERHALL、PHOTO ZONEを体験してみよう！どう、楽しみでしょ？,体验全新游戏K-DRAW和焕然一新的K-WONDERHALL、PHOTO ZONE！怎麽样？很期待吧？,體驗全新遊戲K-DRAW和煥然一新的K-WONDERHALL、PHOTO ZONE！怎麼樣？很期待吧？,"ลอลเล่นเกมใหม่ K-DRAW กับ K-WONDERHALL, PHOTO ZONE ที่แตกต่างออกเลยนะ! เป็นไง ตื่นเต้นใช่มั้ย","Cobalah permainan baru K-DRAW dan K-WONDERHALL serta PHOTO ZONE yang telah dirubah! Bagaimana menurut kamu, apakah kamu sudah tak sabar?","Trải nghiệm trò chơi mới K-DRAW, K-WONDERHALL và PHOTO ZONE khác biệt! Thế nào, bạn hào hứng chứ?","Découvre le nouveau jeu K-DRAW, le K-WONDERLAND et la PHOTO ZONE améliorés ! Alors, n'as-tu pas hâte ?"
2800,"K-원더랜드, K-스튜디오, K-스테이지에서 마스터 배지를 모으고 히든월드인 원더어워즈까지 방문해 봐!","Collect the Master Badges from K-Wonderland, K-STUDIO, K-STAGE, and explore all the way to the Wonder Awards, the hidden world!",K-ワンダーランド、K-スタジオ、K-ステージでマスターバッジを集めて、ヒドゥンワールドであるワンダーアワーズまで行ってみよう！,集全在K-WONDERLAND、K-STUDIO、K-STAGE获得的徽章，访问隐藏世界WONDER AWARDS吧！,累積在K-WONDERLAND、K-STUDIO、K-STAGE獲得的徽章，訪問隱藏世界WONDER AWARDS吧！,ลองรวบรวมตรามาสเตอร์จาก K-วันเดอร์แลนด์ K-สตุคิโอและ K-Stage แล้วก็เยี่ยมชม Hidden World Wonder Awards ด้วยนะ เป็นไง ตื่นเต้นมั้ย,"Kumpulkan Lencana Master di K-WONDERLAND, K-STUDIO, K-STAGE, dan kunjungilah Hidden World, Wonder Awards!","Thu thập huy hiệu master tại K-Wonderland, K-Studio và K-Stage và thăm thế giới ẩn giấu của Wonder Awards!","Arrive au monde caché WONDER AWARDS en collectant les badges Master au K-WONDERLAND, K-STUDIO et au K-STAGE !"
2900,잠깐!,HOLD UP!,お待ちください！,等等！,等等！,รอสักครู่!,Tunggu,Chờ đã!,Attendez!
2901,손에 들고있는 물건을 해제할까요?,DO YOU WANT TO DISABLE THE ITEM IN YOUR HAND?,手に持っているアイテムを解除しますか？,要不要解除手中的道具？,要不要解除手中的道具？,ฉันควรปล่อยของในมือไหม,Haruskah aku melepaskan benda yang kugenggam ditanganku?,Hãy tháo đồ vật bạn đang cầm trên tay nhé.,Vous voulez enlever ce que vous avez sous la main?
3000,GHOST HOUSE에 입장할까요?,Shall we enter the GHOST HOUSE?,GHOST HOUSEに入場しますか？,要不要进去GHOST HOUSE？,要不要進去GHOST HOUSE？,เข้าไป Ghost HOUSE ไหมครับ,Haruskah Kita Masuk GHOST HOUSE? ,Vào GHOST HOUSE chứ?,Voulez-vous rejoindre la GHOST HOUSE ?
3001,아이템을 활용해서 귀신들을 피하고<br>최대한 빨리 결승선으로 이동해<br>1등에 도전해보자!,USE THE ITEM TO AVOID AROUND THE GHOSTS AND REACH THE FINISH LINE AS FAST AS POSSIBLE TO WIN 1ST PLACE!,アイテムを使ってオバケから逃げ切り、1位でゴールしよう！,利用道具避开鬼魂，全力冲刺到终点挑战成为第1名吧！,利用道具避開鬼魂，全力衝刺到終點挑戰成爲第1名吧！,ใช้ไอเท็มในการเลี่ยงผี และรีบไปที่เส้นชัยให้เร็วที่สุด มาลองท้าทายการเป็นที่หนึ่ง!,Gunakan item kamu untuk menghindari hantu dan mencapai garis finis secepat mungkin untuk mengklaim tempat pertama!,Hãy sử dụng vật phẩm để tránh ma quỷ và di chuyển đến vạch đích nhanh nhất có thể để đạt vị trí thứ 1 nhé!,Évite les fantômes en utilisant des objets et passe à la ligne d'arrivée dès que possible pour gagner le premier!
3002,귀신과 닿으면 하트가 줄어들어!<br>게임오버 되지 않게 조심해!,"YOU WILL LOSE HEARTS IF YOU TOUCH THE GHOSTS! IF YOU ARE NOT CAREFUL, THE GAME IS OVER!",オバケに触れるとハートが減るよ！ゲームオーバーにならないように注意して！,碰到鬼魂生命值就会减少！小心闯关失败！,碰到鬼魂生命值就會減少！小心闖關失敗！,ถ้าโดนผี หัวใจก็จะลดลง! ระวังอย่าให้เกมโอเวอร์นะ!,Menyentuh hantu akan mengurangi hatimu! Berhati-hatilah agar tidak kalah dalam permainan!,Nếu chạm vào ma quỷ thì số tim sẽ giảm! Hãy cẩn thận đừng để bị game over nhé!,"Si tu touches un fantôme, le nombre de coeurs diminue! Attention que la partie n’est pas terminée!"
3003,도깨비불을 이용해서 귀신을 귀여운 인형으로 바꿔봐!,USE THE GOBLIN LIGHTS TO TRANSFORM THE GHOST INTO A CUTE DOLL!,鬼火を使ってオバケをかわいい人形に変えてみて！,利用鬼火将鬼魂变成可爱的玩偶吧！,利用鬼火將鬼魂變成可愛的玩偶吧！,ลองเปลี่ยนผีเป็นตุ๊กตาที่น่ารักโดยใช้ไฟยักษ์!,Ubah hantu menjadi boneka yang lucu dengan api goblin!,Dùng đèn yêu tinh để biến ma thành búp bê dễ thương!,Transforme un fantôme en poupée mignonne en utilisant un feu de gobelin!
3100,GHOST HOUSE 입장 티켓 구매 완료!,PURCHASE OF ENTRY TICKET TO GHOST HOUSE CONFIRMED!,GHOST HOUSE入場チケット購入完了,成功购买GHOST HOUSE的入场券！,成功購買GHOST HOUSE的入場券！,ซื้อตั๋วผ่าน GHOST HOUSE (ให้)เรียบร้อย!,Kamu telah membeli tiket untuk masuk ke GHOST HOUSE!,Đã mua vé vào cửa GHOST HOUSE!,Achat du billet d'entrée pour GHOST HOUSE est terminé!
3200,잠깐!,HOLD UP!,お待ちください！,等一下！,等一下！,กรุณารอสักครู่!,Tunggu!,Chờ đã!,Attendez!
3201,원더코인이 모자라요! 코인을 모아 다시 와주세요!,HOLD YOU DON'T HAVE ENOUGH COINS! PLEASE COLLECT COINS AND REVISIT!,お待ちください！ワンダーコインが足りません！コインを集めてもう一度来てください！,等一下！WONDER币不足！请收集硬币再来！,等一下！WONDER幣不足！請收集硬幣再來！,กรุณารอสักครู่! เหรียญวันเดอร์ไม่เพียงพอค่ะ! เก็บเหรียญแล้วมาใหม่นะครับ!,Tunggu! Kamu tidak memiliki WONDER KOIN yang cukup! Kumpulkan lebih banyak dan kembalilah!,Chờ đã! Bạn thiếu xu WONDER! Hãy thu thập thêm xu và quay lại nhé!,Attendez! Il n’y a pas assez de WONDERCOIN! Revenez après gagner des COINS!
3300,아이템을 활용해서 귀신들을 피하고 최대한 빨리 결승선으로 이동해 1등에 도전해보자!,USE THE ITEM TO AVOID AROUND THE GHOSTS AND REACH THE FINISH LINE AS FAST AS POSSIBLE TO WIN 1ST PLACE!,アイテムを使ってオバケから逃げ切り、1位でゴールしよう！,利用道具避开鬼魂，全力冲刺到终点挑战成为第1名吧！,利用道具避開鬼魂，全力衝刺到終點挑戰成爲第1名吧！,ใช้ไอเท็มในการเลี่ยงผี และรีบไปที่เส้นชัยให้เร็วที่สุด มาลองท้าทายการเป็นที่หนึ่ง!,Gunakan item kamu untuk menghindari hantu dan mencapai garis finis secepat mungkin untuk mengklaim tempat pertama!,Hãy sử dụng vật phẩm để tránh ma quỷ và di chuyển đến vạch đích nhanh nhất có thể để đạt vị trí thứ 1 nhé!,Évite les fantômes en utilisant des objets et passe à la ligne d'arrivée dès que possible pour gagner le premier!
3400,귀신과 닿으면 하트가 줄어들어!<br>게임오버 되지 않게 조심해!,"YOU WILL LOSE HEARTS IF YOU TOUCH THE GHOSTS! IF YOU ARE NOT CAREFUL, THE GAME IS OVER!",オバケに触れるとハートが減るよ！ゲームオーバーにならないように注意して！,碰到鬼魂生命值就会减少！小心闯关失败！,碰到鬼魂生命值就會減少！小心闖關失敗！,ถ้าโดนผี หัวใจก็จะลดลง! ระวังอย่าให้เกมโอเวอร์นะ!,Menyentuh hantu akan mengurangi hatimu! Berhati-hatilah agar tidak kalah dalam permainan!,Nếu chạm vào ma quỷ thì số tim sẽ giảm! Hãy cẩn thận đừng để bị game over nhé!,"Si tu touches un fantôme, le nombre de coeurs diminue! Attention que la partie n’est pas terminée!"
3500,도깨비불을 이용해서 귀신을 귀여운 인형으로 바꿔봐!,USE THE GOBLIN LIGHTS TO TRANSFORM THE GHOST INTO A CUTE DOLL!,鬼火を使ってオバケをかわいい人形に変えてみて！,利用鬼火将鬼魂变成可爱的玩偶吧！,利用鬼火將鬼魂變成可愛的玩偶吧！,ลองเปลี่ยนผีเป็นตุ๊กตาที่น่ารักโดยใช้ไฟยักษ์!,Ubah hantu menjadi boneka yang lucu dengan api goblin!,Dùng đèn yêu tinh để biến ma thành búp bê dễ thương!,Transforme un fantôme en poupée mignonne en utilisant un feu de gobelin!
3600,BUMPER CARS 입장 티켓을 구매할까요?,DO YOU WANT TO PURCHASE AN ENTRY TICKET TO BUMPER CARS?,BUMPER CARS入場チケットを購入しますか？,确认购买BUMPER CARS的入场券吗？,確認購買BUMPER CARS的入場券嗎？,ซื้อตั๋วเข้า BUMPER CARSไหม?,Apakah kamu ingin membeli tiket untuk masuk ke BUMPER CARS?,Mua vé vào cửa xe điện đụng nhé?,Vous voulez acheter un billet d’entrée pour BUMPER CARS?
3700,BUMPER CARS 입장 티켓 구매 완료!,PURCHASE OF ENTRY TICKET TO BUMPER CARS CONFIRMED!,BUMPER CARS入場チケット購入完了！,成功购买BUMPER CARS的入场券！,成功購買BUMPER CARS的入場券！,ซื้อตั๋วเข้า BUMPER CARSให้เรียบร้อยแล้ว!,Tiket masuk untuk memasuki BUMPER CARS telah dibeli!,Đã mua vé vào cửa xe điện đụng!,Achat du billet d’entrée pour BUMPER CARS est terminé!
3800,잠깐! 원더코인이 모자라요! 코인을 모아 다시 와주세요!,HOLD UP! YOU DON'T HAVE ENOUGH COINS! PLEASE COLLECT COINS AND REVISIT!,お待ちください！ワンダーコインが足りません！コインを集めてもう一度来てください！,等一下！WONDER币不足！请收集硬币再来！,等一下！WONDER幣不足！請收集硬幣再來！,กรุณารอสักครู่! เหรียญวันเดอร์ไม่พอค่ะ! เก็บเหรียญแล้วมาใหม่นะครับ!,Tunggu! Kamu tidak memiliki WONDER KOIN yang cukup! Kumpulkan lebih banyak dan kembalilah!,Chờ đã! Bạn thiếu xu WONDER! Hãy thu thập thêm xu và quay lại nhé!,Attendez! Il n’y a pas assez de WONDERCOIN! Revenez après gagner des COINS!
3900,친구들과 함께 범퍼카를 타고 최대한 많은 점수를 얻은 다음 피드에 올려 자랑해보자!,RIDE THE BUMPER CARS WITH FRIENDS AND EARN AS MANY POINTS AND SHOW OFF BY POSTING ON FEED!,友達とバンパーカーを楽しんで取った高得点を投稿しよう！,跟朋友一起玩碰碰车获得尽可能多的分数并上传到feed炫耀一下吧！,跟朋友一起玩碰碰車獲得儘可能多的分數並上傳到feed炫耀一下吧！,นั่งรถบั๊มเปอร์กับเพื่อนๆ และทำคะแนนให้ได้มากที่สุด แล้วโพสต์อวดบนหน้าฟีดของคุณ!,"Berkumpullah dengan teman-temanmu dan kendarai mobil bumpermu untuk mendapatkan poin sebanyak-banyaknya, lalu pamerkan di feed kamu!","Hãy cùng bạn bè lái xe điện đụng để đạt điểm càng cao càng tốt, sau đó đăng tải lên feed nhé!","Prend une auto-tamponneuse avec tes amis, obtiens le plus de points possible, et le partage sur la publication pour te vanter!"
4000,범퍼카를 운전해서<br>60초 안에 동그라미를 최대한 많이 모아봐!,DRIVE THE BUMPER CAR AND COLLECT AS MANY CIRCLES WITHIN 60 SECONDS!,バンパーカーを運転して60秒内に円をたくさん集めよう！,在60秒内驾驶碰碰车收集尽可能多的圆圈吧！,在60秒內駕駛碰碰車收集儘可能多的圓圈吧！,ขับรถบั๊มเปอร์และรวบรวมวงกลมให้ได้มากที่สุดใน 60 วินาที!,Kendarai mobil bumper dan kumpulkan lingkaran sebanyak-banyaknya dalam waktu 60 detik!,Hãy lái xe điện đụng và thu thập càng nhiều càng tốt trong vòng 60 giây nhé!,Rassemble autant de cercles que possible en 60 secondes en conduisant une auto-tamponneuse!
4100,카메라 버튼을 눌러서 인증샷도 찍을 수 있어!,YOU CAN CLICK ON THE CAMERA BUTTON TO TAKE A PHOTO AS PROOF!,カメラボタンを押すと写真も撮れるよ！,还可以点击相机按钮拍认证照哦！,還可以點擊相機按鈕拍認證照哦！,คุณยังสามารถถ่ายภาพยืนยันได้โดยกดปุ่มกล้อง! ,Kamu bisa mengambil selfie dengan tombol kamera!,Ấn nút chụp ảnh để chụp hình kỉ niệm nhé!,Tu peux prendre des photos de preuve en appuyant sur le bouton de la caméra!
4200,WONDER FLY에 탑승할까요?,Shall we board the WONDER FLY?,WONDER FLYに搭乗しますか？,要不要乘坐WONDER FLY？,要不要乘坐WONDER FLY？,ขึ้นวอนเดอร์ฟลายไหมครับ,Ingin naik WONDER FLY?,Lên WONDER FLY chứ?,Voulez-vous monter sur la WONDER FLY ?
4300,WONDER FLY 입장 티켓 구매 완료!,PURCHASE OF ENTRY TICKET TO WONDER FLYNG CONFIRMED!,WONDER FLY入場チケット購入完了！,成功购买WONDER FLY的入场券！,成功購買WONDER FLY的入場券！,ซื้อตั๋วเข้า WONDER FLYให้เรียบร้อยแล้ว!,Tiketmu ke WONDER FLY telah dibeli!,Đã mua vé vào WONDER FLY!,Achat du billet d’entrée pour WONDER FLY est terminé!
4400,잠깐! 원더코인이 모자라요! 코인을 모아 다시 와주세요!,HOLD UP! YOU DON'T HAVE ENOUGH COINS! PLEASE COLLECT COINS AND REVISIT!,お待ちください！ワンダーコインが足りません！コインを集めてもう一度来てください！,等一下！WONDER币不足！请收集硬币再来！,等一下！WONDER幣不足！請收集硬幣再來！,กรุณารอสักครู่! เหรียญวันเดอร์ไม่พอค่ะ! เก็บเหรียญแล้วมาใหม่นะครับ!,Tunggu! Kamu tidak memiliki WONDER KOIN yang cukup! Kumpulkan lebih banyak dan kembalilah!,Chờ đã! Bạn thiếu xu WONDER! Hãy thu thập thêm xu và quay lại nhé!,Attendez! Il n’y a pas assez de WONDERCOIN! Revenez après gagner des COINS!
4500,K-원더랜드를 한눈에 내려다볼 수 있는<br>원더플라이에 온 걸 환영해!<br>열기구를 타면서 인증샷을 촬영하고 피드에 올려보자!,"WELCOME TO WONDER FLY, WHERE YOU CAN ENJOY A VIEW OF K-WONDERLAND AT A GLANCE! RIDE ON THE HOT AIR BALLOON AND TAKE A PHOTO TO UPLOAD ON FEED!",ワンダーランドが一目で見渡せるK-ワンダーフライにようこそ！熱気球で写真も撮って投稿しよう！,欢迎来到可以一览K-WONDERLAND的WONDER FLY！在热气球上拍下认证照并上传到Feed上吧！,歡迎來到可以一覽K-WONDERLAND的WONDER FLY！在熱氣球上拍下認證照並上傳到Feed上吧！,ยินดีต้อนรับสู่วันเดอร์ฟลายที่คุณสามารถมองเห็น วันเดอร์แลนด์ ได้อย่างรวดเร็ว! ถ่ายภาพยืนยันขณะที่นั่งบอลลูนแล้วอัปโหลดไปในฟีดของคุณ!,"Selamat datang di WONDERFLY, pemandangan K-WONDERLAND bisa di lihat dari ketinggian! Ambil foto saat kamu menaiki balon udara dan unggahlah ke feed!","Chào mừng bạn đến với WONDER FLY, nơi có thể ngắm nhìn K-WONDERLAND chỉ trong nháy mắt! Vừa bay khinh khí cầu vừa chụp hình kỉ niệm và đăng lên feed nhé!",Bienvenue à WONDER FLY où tu peux regarder la vue panoramique du K-WONDERLAND! Prend des photos de preuve en prenant la montgolfière et le partage sur la publication!
4600,열기구를 타고 K-원더랜드의 하늘을 날아봐! 1인칭 버튼이나 드론 버튼을 눌러서 원더랜드의 모든 곳을 한눈에 볼 수 있어!,FLY THE SKY OF K-WONDERLAND WHILE RIDING ON THE HOT AIR BALLOON! YOU CAN CLICK ON THE FIRST-PERSON VIEW OR DRONE BUTTON TO SEE ALL PARTS OF K-WONDERLAND AT A GLANCE!,熱気球でK-ワンダーランドの空に飛んでみて！一人称ボタンやドローンボタンを押すとワンダーランドの隅々まで見れるよ！,乘坐热气球遨游K-WONDERLAND的天空吧！ 点击第一人称按钮或无人机按钮就可以一眼看到WONDERLAND的角角落落哦！,乘坐熱氣球遨遊K-WONDERLAND的天空吧！ 點擊第一人稱按鈕或無人機按鈕就可以一眼看到WONDERLAND的角角落落哦！,นั่งบอลลูนและบินผ่านท้องฟ้าของ K-วันเดอร์แลนด์! คุณสามารถดูทุกสถานที่ในวันเดอร์แลนด์ได้อย่างรวดเร็วโดยการกดมุมมองบุคคลที่หนึ่งหรือปุ่มโดรน!,Terbanglah ke langit K-WONDERLAND dengan balon udara! Tekan tombol pertama atau tombol drone untuk melihat seluruh WONDERLAND dari atas!,Hãy thử bay khinh khí cầu và bay lên bầu trờ K-WONDERLAND! Nhấn nút thứ nhất hoặc nút drone để có thể ngắm toàn cảnh trong nháy mắt!,Vole dans le ciel du K-WONDERLAND en prenant la montgolfière! Tu peux regarder la vue panoramique du WONDERLAND en appuyant sur le bouton en vue subjective ou de drone!
4700,POP THE BALLOON 입장 티켓을 구매할까요?,DO YOU WANT TO PURCHASE AN ENTRY TICKET TO POP THE BALLOON?,POP THE BALLOON入場チケットを購入しますか？,确认购买POP THE BALLOON的入场券吗？,確認購買POP THE BALLOON的入場券嗎？,ซื้อตั๋วเข้า POP THE BALLOON  ไหม,Apakah kamu ingin membeli tiket POP THE BALLOON?,Mua vé vào POP THE BALLOON nhé?,Vous voules acheter un billet d’entrée pour POP THE BALLOON?
4800,POP THE BALLOON 입장 티켓 구매 완료!,PURCHASE OF ENTRY TICKET TO POP THE BALLOON CONFIRMED!,POP THE BALLOON入場チケット購入完了！,成功购买POP THE BALLOON的入场券！,成功購買POP THE BALLOON的入場券！,ซื้อตั๋วเข้า POP THE BALLOONให้เรียบร้อยแล้ว!,Tiket kamu ke POP THE BALLOON telah dibeli!,Đã mua vé vào POP THE BALLOON!,Achat du billet d’entrée pour POP THE BALLOON est terminé!
4900,잠깐! 원더코인이 모자라요! 코인을 모아 다시 와주세요!,HOLD UP! YOU DON'T HAVE ENOUGH COINS! PLEASE COLLECT COINS AND REVISIT!,お待ちください！ワンダーコインが足りません！コインを集めてもう一度来てください！,等一下！WONDER币不足！请收集硬币再来！,等一下！WONDER幣不足！請收集硬幣再來！,กรุณารอสักครู่! เหรียญวันเดอร์ไม่พอค่ะ! เก็บเหรียญแล้วมาใหม่นะครับ!,Tunggu! Kamu tidak memiliki WONDER KOIN yang cukup! Kumpulkan lebih banyak dan kembalilah!,Chờ đã! Bạn thiếu xu WONDER! Hãy thu thập thêm xu và quay lại nhé!,Attendez! Il n’y a pas assez de WONDERCOIN! Revenez après gagner des COINS!
5000,풍선 터트리기 게임을 플레이하고 레벨을 올려<br>월드 전용 아이템을 받은 다음 인증샷을 촬영해보자!,PLAY THE POP THE BALLOON GAME AND TAKE A PROOF PHOTO OF EARNING AN EXCLUSIVE ITEM AFTER LEVELING UP!,風船割りゲームをプレイしてレベルアップし、ワールド専用アイテムを受け取って写真を撮ってみよう！,玩爆气球游戏升级来获得世界专用道具后留下认证照吧！,玩爆氣球遊戲升級來獲得世界專用道具後留下認證照吧！,เล่นเกมแตกลูกโป่งและเพิ่มระดับเพื่อรับไอเท็มแบบเฉพาะในเวิลด์แล้วถ่ายรูปยืนยันกันเถอะ!,"Mainkan permainan meletuskan balon, naikkan level untuk mendapatkan item eksklusif dunia, dan berfoto selfie!","Chơi trò chơi nổ bóng bay, tăng level, nhận vật phẩm chuyên dụng trong thế giới, sau đó hãy chụp ảnh kỉ niệm nhé!",Obtien un objet unique dans le monde en passant au niveau supérieur par le jeu d’exploser des ballons et prend des photos de preuve!
5100,비어있는 풍선 게임존으로 가서<br>게임 패드 버튼을 누르면 시작할 수 있어!,YOU CAN START THE GAME ONCE YOU ENTER AN EMPTY GAME ZONE AND CLICK ON THE GAME PAD BUTTON!,空いている風船ゲームゾーンまで移動してゲームパットボタンを押すと始まるよ！,移动到空置的气球游戏区点击游戏机按钮即可开始游戏！,移動到空置的氣球遊戲區點擊遊戲機按鈕即可開始遊戲！,เข้าไปสู่พื้นที่เกมลูกโป่งที่ว่างเปล่าแล้วกดปุ่มเกมแพดเพื่อ/ แล้วเริ่มเล่นได้!,Pergilah ke zona permainan balon kosong dan tekan tombol gamepad untuk memulai!,"Đi đến khu trò chơi bóng bay trống, nhấn nút GAME PAD để có thể bắt đầu chơi!","Si tu appuie sur le bouton de la manette de jeu dans la zone de jeu de ballons vide, tu peux commencer le jeu!"
5200,풍선은 터치하면 터트릴 수 있으니까<br>제한시간 동안 최대한 많은 풍선을 터트려봐!,"YOU CAN POP THE BALLOON BY SIMPLY TOUCHING IT, SO POP AS MANY BALLOONS WITHIN THE TIME LIMIT!",タッチすると風船が割るから時間内に風船をたくさん割ってみて！,点击气球就可以爆破！在限定时间内努力打爆最多的气球吧！,點擊氣球就可以爆破！在限定時間內努力打爆最多的氣球吧！,คุณสามารถแตกลูกโป่งได้โดยการแตะลูกโป่ง จึงพยายามทำให้ลูกโป่งแตกให้ได้มากที่สุดภายในเวลาที่กำหนด!,"Balon bisa diletuskan dengan menyentuhnya, jadi cobalah meletuskan balon sebanyak mungkin dalam batas waktu yang ditentukan!","Nếu chạm vào thì bong bóng sẽ nổ, vì vậy hãy làm nổ càng nhiều bóng càng tốt trong thời gian giới hạn nhé!","Tu peux exploser des ballons en les touchant, alors explose autant de ballons que possible pedant la limite de temps!"
5300,움직이는 풍선을 터치하세요,TOUCH THE MOVING BALLOON,動いている風船をタッチしてください,请点击移动的气球,請點擊移動的氣球,กรุณาแตะลูกโป่งที่เคลื่อนไหว,Sentuhlah balon yang bergerak,Hãy làm nổ những quả bóng bay đang di chuyển,Touchez le ballon en mouvement.
5400,"홍보존에서 다양한 한류 소식을 확인한 다음,<br>일일 리포터가 되어 뉴스를 만들어보자!",DISCOVER NEWS ON K-WAVE AT THE PROMOTION ZONE AND BECOME A ONE-DAY REPORTER!,PRゾーンで韓流ニュースをチェックし、特別レポーターになってニュースを作ってみよう！,在宣传区浏览各种韩流消息后，成为一日记者制作新闻吧！,在宣傳區瀏覽各種韓流消息後，成爲一日記者製作新聞吧！,หลังจากเช็คข่าวกระแสเกาหลีที่พื้นที่โฆษณาแล้วมาเป็นนักข่าวรายวันและทำข่าวกันเถอะ! ,"Simak berbagai berita Hallyu di Publik Relasi Zone, lalu jadilah reporter harian dan buatlah berita!","Hãy kiểm tra các thông tin Hallyu tại khu vực quảng bá, trở thành phóng viên hàng ngày và viết tin nhé!","T’assure des différents nouvelles de Hallyu dans la zone de relations publiques, puis fais des actualités en devenant journaliste quotidien!"
5500,"컬쳐존에서 한국 전통 게임을 플레이하고,<br>원더마스터 배지를 획득해보자!","PLAY TRADITIONAL KOREAN GAMES AT THE K-CULTURE ZONE, AND EARN A WONDER MASTER BADGE!",K-カルチャーゾーンで韓国伝統ゲームをプレイし、ワンダーマスターバッチをゲットしよう！,在K-文化区玩韩国传统游戏并获得WONDER大师徽章吧！,在K-文化區玩韓國傳統遊戲並獲得WONDER大師徽章吧！,เล่นเกมประเพณี ใน K- คัลเจอร์โซนและรับ เหรียญตราวันเดอร์มาสเตอร์,Mainkan permainan tradisional Korea di K-Culture Zone dan dapatkan lencana Wonder Master kamu!,Hãy chơi trò chơi truyền Hàn Quốc tại khu văn hoá và giành huy hiệu WONDERMASTER nhé!,"Joue à des jeux traditionnels coréens dans la zone culturelle, puis obtien WONDER master badge!"
5600,모니터 위 아이콘을 확인하고 널뛰기와 제기차기 게임을 즐겨봐!<br>둘 다 5번 이상 성공하면 원더마스터 배지를 얻을 수 있어!,CHECK THE ICON ABOVE THE MONITOR AND ENJOY NEOLTTWIGI AND JEGICHAGI GAMES!<br>YOU CAN EARN A WONDER MASTER BADGE IF YOU SUCCESSFULLY COMPLETE EACH GAME AT LEAST FIVE TIMES!,モニターのアイコンをチェックしてノルティギとチェギチャギゲームを楽しんでみて！<br>両方とも5回以上成功するとワンダーマスターバッチがもらえるよ！,确认屏幕上的图标，享受跳板和踢毽子游戏吧！<br>两种游戏都成功5次以上的话就可以获得WONDER大师徽章哦！,確認屏幕上的圖標，享受跳板和踢毽子游戲吧！<br>兩種遊戲都成功5次以上的話就可以獲得WONDER大師徽章哦！,เช็คไอคอนบนหน้าจอและสนุกกับเกมน็อลตวีกีและการเตะเชกี!  ถ้าทำได้ทั้งสองเกมมากกว่า 5 ครั้ง คุณสามารถรับเหรียญตราวันเดอร์มาสเตอร์ได้!,Lihatlah ikon di monitor kamu lalu bersiaplah untuk permainan lempar tangkap dan menendang bola!,Hãy kiểm tra icon trên màn hình và chơi trò chơi bập bênh và đá cầu nhé!<br>Có thể giành huy hiệu WONDERMASTER nếu thành công hai trò chơi trên 5 lần ,"Confirme l’icône sur l’écran et t’amuse des jeux Neol-ttwigi et Jegi chagi!<br>Si tu as réussi tous les deux plus de 5 fois, tu peux obtenir WONDER master badge!"
5700,K-WONDERLAND 뽑기 성공하기,Complete the K-WONDERLAND gacha!,K-WONDERLANDの抽選に成功,成功抽到K-WONDERLAND,成功抽到K-WONDERLAND,เลือก K- WONDERLAND ได้สำเร็จ,Berhasil meraih undian di K-WONDERLAND,Thành công chọn K-WONDERLAND,Compléter le tirage au K-WONDERLAND
5800,제기차기 5회 이상 성공하기,SUCCESSFULLY COMPLETE JEGICHAGI GAME AT LEAST FIVE TIMES,チェギチャギ5回以上成功,成功踢毽子5个以上,成功踢毽子5個以上,การเตะเชกีมากกว่า 5 ครั้ง,Lakukan setidaknya 5 kali  tendangan terangkat dan berhasil,Thành công trò đá cầu trên 5 lần,Réussir Jegi chagi plus de 5 fois
5900,K-WONDERLAND 마스터 배지 획득,Earned the K-WONDERLAND Master Badge!,K-WONDERLANDマスターバッジ獲得,获得K-WONDERLAND大师徽章,獲得K-WONDERLAND大師徽章,ได้รับตรามาสเตอร์ของ K-WONDERLAND,Mendapatkan Lencana Master K-WONDERLAND,Thu thập huy hiệu master K-WONDERLAND,K-WONDERLAND bagde Master obtenu
6000,K-원더랜드는 다양한 K-콘텐츠의 소식을 전달하고 있습니다.,K-WONDERLAND DELIVERS VARIOUS NEWS AND INFORMATION ON K-CONTENTS.,K-ワンダーランドでは色んなK-コンテンツのニュースをお届けしています,K-WONDERLAND传递各种各样的K-文化消息。,K-WONDERLAND傳遞各種各樣的K-文化消息。,K-วันเดอร์แลนด์นำเสนอข่าวสารเกี่ยวกับ K-คอนเทนต์ต่างๆ,K-WONDERLAND menyajikan berbagai berita dari K-KONTEN.,K-WONDERLAND đang cung cấp các thông tin đa dạng về K_CULTURE.,K-WONDERLAND donne des nouvelles de divers K-CONTENTS.
6001,6번째 멤버를 찾는 K-원더랜드 오디션,'FIND THE 6TH MEMBER' AUDITION,'FIND THE 6TH MEMBER' AUDITION,'FIND THE 6TH MEMBER' AUDITION,'FIND THE 6TH MEMBER' AUDITION,'FIND THE 6TH MEMBER' AUDITION,'FIND THE 6TH MEMBER' AUDITION,'FIND THE 6TH MEMBER' AUDITION,'FIND THE 6TH MEMBER' AUDITION
6002,WHATEVER YOU DREAM 'K-WONDERLAND 2ND UGC AWARDS' EVENT PERIOD OCT 13th(FRI)~ NOV 12th(SUN),WHATEVER YOU DREAM 'K-WONDERLAND 2ND UGC AWARDS' EVENT PERIOD OCT 13th(FRI)~ NOV 12th(SUN),WHATEVER YOU DREAM 'K-WONDERLAND 2ND UGC AWARDS' EVENT PERIOD OCT 13th(FRI)~ NOV 12th(SUN),WHATEVER YOU DREAM 'K-WONDERLAND 2ND UGC AWARDS' EVENT PERIOD OCT 13th(FRI)~ NOV 12th(SUN),WHATEVER YOU DREAM 'K-WONDERLAND 2ND UGC AWARDS' EVENT PERIOD OCT 13th(FRI)~ NOV 12th(SUN),WHATEVER YOU DREAM 'K-WONDERLAND 2ND UGC AWARDS' EVENT PERIOD OCT 13th(FRI)~ NOV 12th(SUN),WHATEVER YOU DREAM 'K-WONDERLAND 2ND UGC AWARDS' EVENT PERIOD OCT 13th(FRI)~ NOV 12th(SUN),WHATEVER YOU DREAM 'K-WONDERLAND 2ND UGC AWARDS' EVENT PERIOD OCT 13th(FRI)~ NOV 12th(SUN),WHATEVER YOU DREAM 'K-WONDERLAND 2ND UGC AWARDS' EVENT PERIOD OCT 13th(FRI)~ NOV 12th(SUN)
6100,화면을 터치해주세요,TOUCH THE SCREEN,画面をタッチしてください,请点击画面,請點擊畫面,กรุณาสัมผัสหน้าจอ,Sentuh Layar,Hãy chạm vào màn hình,Touchez l’écran
6200,연습실로 가서 원더스타즈와 춤 연습을 해보세요!,HEAD TO THE PRACTICE ROOM AND PRACTICE WITH WONDERSTARS!,練習室に移動してK-ワンダースターズとダンス練習をしよう！,前往练习室和WONDERSTARS一起排练舞蹈吧！  ,前往練習室和WONDERSTARS一起排練舞蹈吧！,ซ้อมเต้นกับ วันเดอร์สตาร์  ที่ห้องซ้อม!,Pergilah ke ruang latihan dan berlatih menari bersama WONDERSTARS!,Hãy đến phòng tập và thử tập vũ đạo cùng các ngôi sao WONDERSTARS!,Allez à la salle d’entraînement et entraînez-vous à danser avec WONDERSTARS!
6300,파우더룸으로 이동해 머리를 손질하고 메이크업을 해보세요!,HEAD OVER TO THE POWDER ROOM TO GET YOUR HAIR AND MAKEUP DONE!,パウダールームに移動してヘアセットしてメイクをしよう！,前往化妆间换换发型化化妆吧！,前往化妝間換換髮型化化妝吧！,ทำผมแล้วก็แต่งหน้าที่ห้องแป้ง,Pergilah ke ruang rias untuk menata rambut dan merias wajahmu!,Hãy đến phòng hoá trang để làm tóc và trang điểm!,Allez à la salle de maquillage et faites-vous coiffer et maquillez-vous!
6400,원더런웨이에서 모델이 되어보고 미니게임을 즐겨보세요!,BECOME A MODEL ON THE WONDER RUNWAY AND ENJOY MINI GAMES!,ワンダーランウェイでモデルになってミニゲームを楽しんでみよう！,成为WONDER RUNWAY的模特并玩玩迷你游戏吧！,成爲WONDER RUNWAY的模特並玩玩迷你遊戲吧！,มาเป็นโมเดลบนวันเดอร์รันเวย์และสนุกไปกับมินิเกม!,Jadilah model di WONDER RUNAWAY dan mainkan minigame!,Hãy trở thành người mẫu trên sàn diễn WONDER và chơi mini game!,Soyez un modèle sur WONDER RUNWAY et vous amusez au mini-jeu!
6500,원더스테이지에서 무대 위 주인공이 되어보세요!,BECOME THE CENTER ON STAGE AT K-WONDER STAGE!,ワンダーステージでステージの主人公になってみよう！,在WONDER STAGE成为舞台的主人公吧！,在WONDER STAGE成爲舞臺的主人公吧！,มาเป็นตัวเอกที่วันเดอร์สเตจ ,Jadilah pusat perhatian di atas panggung dengan WONDERSTAGE!,Hãy trở thành nhân vật chính trên sân khấu tại WONDER STAGE,Soyez un protagoniste sur une scène au WONDER STAGE!
6600,스타가 되고 싶어? 그렇다면 잘 찾아왔어. <br>무대에 오를 수 있게 도와줄게. ,DO YOU WANT TO BECOME A STAR? THEN YOU HAVE COME TO THE RIGHT PLACE.<br>I WILL HELP YOU PERFORM ON STAGE.,スターになりたいの？なら、よく来たよ。<br>ステージに上がるように手伝うよ。,想要成为明星吗？那你就找对地方了。<br>我会帮你登上舞台。,想要成爲明星嗎？那你就找對地方了。<br>我會幫你登上舞臺。,อยากเป็นสตาร์เหรอ ถ้าอย่างนั้นก็มาหาดีแล้ว<br>ฉันจะช่วยให้คุณขึ้นเวที,Ingin menjadi bintang? Maka kamu datang ke tempat yang tepat.Kami akan membantumu naik ke atas panggung. ,Bạn muốn trở thành ngôi sao? Vậy bạn đã tìm đến đúng nơi rồi.<br>Tôi sẽ giúp bạn lên sân khấu.,"Tu veux être un star? Alors, tu viens bien.<br>Je vais t’aider à monter sur une scène."
6700,길을 따라 쭉 가다 보면 연습실과 파우더룸이 있을 거야.<br>먼저 다녀온 다음 런웨이와 스테이지로 가서 네 실력을 뽐내봐.,"IF YOU FOLLOW THIS WAY, YOU WILL SEE THE PRACTICE ROOM AND POWDER ROOM.<br>VISIT THERE FIRST AND THEN HEAD TO THE RUNWAY AND STAGE TO SHOW OFF YOUR TALENT AND SKILLS.",道をまっすぐ行くと練習室とパウダールームが出るよ。<br>まずあっちに行ってからランウェイとステージに移動してあなたの実力を披露してみて。,沿着这条路直走就会看到练习室和化妆间。<br>先去一趟，然后去T台和舞台展示你的实力吧。,沿着這條路直走就會看到練習室和化妝間。<br>先去一趟，然後去T臺和舞臺展示你的實力吧。,เดินตรงไปเรื่อยๆ จะมีห้องซ้อมและห้องแป้ง<br>หลังจากนั้นไปที่รันเวย์และสเตจแล้วโชว์ทักษะของคุณ,"Di ujung jalan, Kamu akan menemukan ruang latihan dan ruang rias.",Nếu đi dọc đường này sẽ thấy phòng tập và phòng hoá trang.<br>Hãy đi tới đó rồi quay lại để lên sàn diễn và sân khấu để thể hiện năng lực của bạn.,"Si tu vas tout droit en suivant la route, il y aura la salle d’entraînement et de maquillage.<br>Allez-y d’abord, et ensuite aller sur le défilé et la scène pour montrer tes capacités."
6800,스테이지와 런웨이 게임을 클리어하면<br>스테이지 마스터 배지도 얻을 수 있어.,"IF YOU COMPLETE THE STAGE AND RUNWAY GAME,<br>YOU CAN EARN THE STAGE MASTER BADGE.",ステージとランウェイのゲームをクリアすると<br>ステージマスターバッチももらえるよ。,通关舞台和T台游戏就可以获得STAGE大师徽章。,通關舞臺和T臺遊戲就可以獲得STAGE大師徽章。,ถ้าคุณเคลียร์เเกมสเตจและรันเวย์<br>คุณสามารถรับป้ายเกียรติสเตจมาสเตอร์ได้,Selesaikan Game Stages dan Runway lalu dapatkan<br>Lencana Stage Master  untuk menyelesaikan permainan.,Nếu hoành thành trò chơi trên sàn diễn và sân khấu thì có thể nhận được huy hiệu Master STAGE,Si tu as accompli le jeu de scène et de défilé<br>tu peux aussi obtenir STAGE master badge.
6900,우리 원더스타즈와 같이 춤춰보자!<br>거울에 비친 네 멋진 모습도 확인하고 말야.,"PERFORM WITH US, WONDER STARS!<br>CHECK IN THE MIRROR TO SEE HOW GREAT YOU LOOK.",ワンダースターズとダンスしよう！<br>鏡に映ったあなたの格好いい姿も見てみて。,跟我们WONDER STARS一起跳舞吧！<br>还可以顺便看看镜子中帅气的你。,跟我們WONDER STARS一起跳舞吧！<br>還可以順便看看鏡子中帥氣的你。,มาเต้นกับวันเดอร์สตาร์กันเถอะ!<br>แล้วเช็คความเท่ของตนเองในกระจกด้วย,Menarilah bersama para WONDERSTAR kami!<br>Lihatlah pantulan dirimu yang luar biasa di cermin.,Hãy nhảy cùng các ngôi sao WONDER!<br>Và cùng xem hình dáng của mình trong gương nhé!,"Dansons ensemble avec nous, WONDER STARS!<br>En plus, tu berras comme tu es cool dans le miroir."
7000,여긴 파우더룸이야. 무대에 올라가기 전에<br>머리를 손질하거나 메이크업을 해봐!,THIS IS THE POWDER ROOM. GET YOUR HAIR AND MAKEUP DONE BEFORE GOING UP ON STAGE.,ここはパウダールーム。ステージに上がる前に<br>ヘアセットやメイクをしよう！,这里是化妆间。在登上舞台之前<br>换换发型或者化化妆试试看吧！,這裏是化妝間。在登上舞臺之前<br>換換髮型或者化化妝試試看吧！,ที่นี่คือห้องแป้ง<br>ก่อนที่ขึ้นเวทีทำผมหรือแต่งหน้าเลยนะ!,Disini adalah ruang rias. Rapikan rambut dan riaslah wajahmu sebelum naik ke atas panggung.,Đây là phòng hoá trang. Hãy làm tóc và trang điểm trước khi lên sân khấu nhé!,"Ici, c’est la salle de maquillage. Avant monter sur la scène<br>fais-toi coiffer et maquille-toi!"
7100,원더스테이지에 어서 와.<br><br>연습실과 파우더룸은 들렀다 온 거지?<br>그럼 카메라로 다가가 무대를 촬영하거나 <br>무대 위에 올라가 퍼즐게임을 클리어해봐.,WELCOME TO WONDER STAGE.<br><br>SO YOU VISITED THE PRACTICE ROOM AND POWDER ROOM?<br>THEN GO NEAR THE CAMERA TO FILM THE STAGE OR PLAY THE GAME ON STAGE. ,ワンダーステージにようこそ。<br><br>練習室とパウダールームにはもう行ってるよね？<br>じゃ、カメラの方に行ってステージを撮影したり、<br>ステージの上に上がってパズルゲームをクリアしてみて。,欢迎来到WONDER STAGE。<br><br>已经去过练习室和化妆间了吧？<br>那么走到摄影机前拍摄舞台<br>或者登上舞台闯关拼图游戏吧！,歡迎來到WONDER STAGE。<br><br>已經去過練習室和化妝間了吧？<br>那麼走到攝影機前拍攝舞臺<br>或者登上舞臺闖關拼圖遊戲吧！,ยินดีต้อนรับสู่วันเดอร์สเตจ<br><br>ไปห้องซ้อมกับห้องแป้งบ้างใช่ไหม<br>จากนั้นถ่ายภาพบนเวที<br>หรือขึ้นไปบนเวทีและเคลียร์เกมไขปริศนา,"Selamat datang di WONDERSTAGE.<br><br>Kamu sudah pernah ke ruang latihan dan ruang rias, bukan?<br>Sekarang berjalanlah ke kamera dan rekamlah penampilan panggungmu. atau  jika tidak, naiklah ke atas panggung dan selesaikan teka-teki.",Chào mừng bạn đến với sân khấu WONDER.<br><br>Bạn đã ghé qua phòng tập và phòng hoá trang đúng không?<br>Vậy bạn hãy đến gần camera và quay cảnh trên sân khấu<br>Hoặc lên sân khấu và hoàn thành trò chơi ghép hình.,"Bienvenue à WONDER STAGE.<br><br>Tu as déjà visité la salle d’entraînement et de maquillage?<br>Alors, approche-toi de la caméra et tourne à la scène<br>ou monte sur la scène et accomplis le jeu de puzzle."
7200,퍼즐을 조합해 그림을 완성해주세요!,PUT TOGETHER THE PUZZLE TO MAKE A PICTURE!,パズルを組み合わせて絵を完成してください！,请组合拼图完成图片！,請組合拼圖完成圖片！,รวมเกมปริศนาและเติมเต็มภาพ!,Susunlah puzzle untuk melengkapi gambarnya!,Hãy thử ghép hình và hoàn thành bức tranh nhé!,Faites un puzzle et terminez un tableau!
7300,잠깐!,HOLD UP!,お待ちください！,等一下！,等一下！,สักครู่!,Tunggu!,Chờ chút!,Attendez!
7301,게임을 종료할까요?,DO YOU WANT TO QUIT THE GAME?,ゲームを終了しますか？,确认终止游戏吗？,確認終止遊戲嗎？,ควรออกจากเกมหรือ,apakah kamu ingin keluar dari permainan?,Bạn muốn dừng trò chơi?,Voudriez-vous finir du jeu?
7400,원더스테이지에서 퍼즐 게임 클리어하기,CLEAR THE PUZZLE GAME AT WONDER STAGE,ワンダーステージでパズルゲームをクリア,在WONDER STAGE通关拼图游戏,在WONDER STAGE通關拼圖遊戲,เคลียร์เกมพัซเซิลในวันเดอร์สเตจ,Menyelesaikan permainan puzzle di WONDER STAGE,Hoàn thành trò chơi ghép hình trên sân khấu WONDER,Accomplir le jeu de puzzle au WONDER STAGE
7500,30초 내에 워킹 게임 클리어하기,CLEAR THE WALKING GAME WITHIN 30 SECONDS,30秒内にウォーキングゲームをクリア,在30秒内通关走秀游戏,在30秒內通關走秀遊戲,เคลียร์เกมเดินภายใน 30 วินาที,Menyelesaikan WALKING GAME dalam 30 detik,Hoàn thành trò chơi đi catwalk trong 30 giây,Accomplir le jeu de marche dans moins de 30 secondes
7600,원더런웨이에선 누구나 모델이 되어볼 수 있어!<br>아이콘을 터치해서 모델 워킹을 해봐!,ANYONE CAN BECOME A MODEL AT WONDER RUNWAY!<br>TOUCH THE ICON TO WALK LIKE A MODEL!,ワンダーランウェイでは誰でもモデルになれるよ！<br>アイコンをタッチしてモデルウォーキングをしてみて！,"在WONDER RUNWAY, 谁都可以当上模特！<br>点击图标开始走台步吧！","在WONDER RUNWAY, 誰都可以當上模特！<br>點擊圖標開始走臺步吧！",ใครๆ ก็เป็นนางแบบบนวันเดอร์รันเวย์ได้!<br>ลองเดินแบบนางแบบโดยแตะที่ไอคอน!,Semua orang bisa menjadi model di WONDER RUNAWAY!<br>Ketuk ikon untuk mulai berjalan sebagai model!,Bất cứ ai cũng có thể trở thành người mẫu trên sàn diễn WONDER!<br>Chạm vào icon và thử làm người mẫu catwalk nhé!,Tout le monde peux être un modèle au WONDER RUNWAY!<br>Touche un îcone et fais modèle marche!
7700,정확한 발걸음으로 무대 끝에 가서 포즈를 취해보세요!,WALK TO THE END OF THE STAGE WITH ACCURATE STEPS AND POSE YOURSELF!,きれいな姿勢でステージの端まで歩いて行ってポーズをしてください！,用完美的步伐走到舞台尽头摆造型吧！,用完美的步伐走到舞臺盡頭擺造型吧！,เดินตรงสุดเวทีแล้วแอ๊คท์นะคะ!,Berjalanlah ke ujung panggung dengan langkah dan pose yang benar!,Hãy bước cẩn thận cho tới cuối sân khấu và tạo dáng nhé!,Allez au bout de la scène avec des pas précis et prenez une pose!
7800,잠깐! 게임을 종료할까요?,HOLD UP! DO YOU WANT TO QUIT THE GAME?,お待ちください！ゲームを終了しますか？,等一下！确认终止游戏吗？,等一下！確認終止遊戲嗎？,สักครู่! ควรออกจากเกมหรือ,"Tunggu, apakah kamu ingin keluar dari permainan?",Chờ chút! Bạn muốn dừng trò chơi?,Attendez! Voudriez-vous finir du jeu?
7900,원더스테이지에서 퍼즐 게임 클리어하기,CLEAR THE PUZZLE GAME AT WONDER STAGE,ワンダーステージでパズルゲームをクリア,在WONDER STAGE通关拼图游戏,在WONDER STAGE通關拼圖遊戲,เคลียร์เกมพัซเซิลในวันเดอร์สเตจ,Menyelesaikan permainan puzzle di WONDER STAGE,Hoàn thành trò chơi ghép hình trên sân khấu WONDER,Accomplir le jeu de puzzle au WONDER STAGE
8000,30초 내에 워킹 게임 클리어하기,CLEAR THE WALKING GAME WITHIN 30 SECONDS,30秒内にウォーキングゲームをクリア,在30秒内通关走秀游戏,在30秒內通關走秀遊戲,เคลียร์เกมเดินภายใน 30 วินาที,Menyelesaikan WALKING GAME dalam 30 detik,Hoàn thành trò chơi đi catwalk trong 30 giây,Accomplir le jeu de marche dans moins de 30 secondes
8100,K-STAGE 마스터 배지 획득,YOU EARNED THE K-STAGE MASTER BADGE ,K-STAGEマスターバッチゲット,获得K-STAGE大师徽章,獲得K-STAGE大師徽章,ได้รับเหรียญตรามาสเตอร์ K-STAGE,Mendapatkan Lencana Master K-STAGE,Nhận huy hiệu Master K-STAGE,Obtention de K-STAGE master badge
8200,화면을 터치해주세요,TOUCH THE SCREEN,画面をタッチしてください,请点击画面,請點擊畫面,กรุณาสัมผัสหน้าจอ,Sentuh Layar,Hãy chạm vào màn hình,Touchez l’écran
8300,다양한 K-콘텐츠를 즐길 수 있는 K-스튜디오에 어서 와!,Welcome to K-STUDIO where you can enjoy various K-Content!,様々なK-コンテンツを楽しめるK-スタジオにようこそ！,快来能够享受多种K-内容的K-STUDIO吧！,快來能夠享受多種K-內容的K-STUDIO吧！,ยินดีต้อนรับสู่ K-สตุดิโอที่สามารถเล่น K-คอนเทนท์ที่หลากหลายได้!,"Selamat datang di K-STUDIO, di mana kamu bisa menikmati berbagai K-CONTENT!","Chào mừng bạn đến với K-Studio, nơi bạn có thể thưởng thức nhiều K-content khác nhau!",Viens vite au K-STUDIO pour profiter des différents K-CONTENTS !
8400,"전통음식, 한글, 버스킹, 포토존 그리고 <br> 아름다운 한강의 배경까지 준비돼 있다구!","All is set including traditional food, Hangul, busking, photozone <br> and even the beautiful Han River backdrop!",伝統料理、ハングル、バスキング、フォトゾーン、そして <br> 美しい漢江の背景まで準備されているよ！,传统食物、韩文、街头表演、拍照区，<br> 还有美丽的汉江背景全都准备好了！,傳統食物、韓文、街頭表演、拍照區，<br> 還有美麗的漢江背景全都準備好了！,"อาหารพื้นเมือง, ฮันกึล, บัสกิ้ง, โฟโต้โซน <br> และฉากหลังของแม่น้ำฮันที่สวยงามถูกเตรียมไว้แล้ว!","Ada makanan tradisional, Hangul, pertunjukan musik, zona foto, <br> dan pemandangan Sungai Han yang indah!","Chúng tôi đã chuẩn bị các  <br> món ăn truyền thống, tiếng Hàn, bài hát đường phố, khu vực chụp ảnh <br> và cả cảnh đẹp của sông Hàn!","Il y a même des cuisine traditionnelle, alphabet coréen, des concerts, zone photographique, <br> et une vue nocturne de Hangang !"
8500,한강레이스 게임에서 일정 점수를 획득하면 <br> 마스터 배지도 얻을 수 있으니까 <br> 도전해 보는 거 잊지마!,Don't forget to challenge to earn the Master Badge <br> by achieving a certain point in the Hand River Race!,漢江レースゲームで一定のスコアを獲得すると、<br> マスターバッジもゲットできるので、<br> 挑戦することを忘れないでね！,在汉江赛跑游戏获取一定分数便能获得大师徽章，<br> 记得要来挑战！,在漢江賽跑遊戲獲取一定分數便能獲得大師徽章，<br> 記得要來挑戰！,ถ้าได้คะแนนจากเกมแข่งรถแม่น้ำฮันก็จะได้รับ <br> ตรามาสเตอร์ได้ด้วยนะก็เลยอย่าลืมที่จะลองท้าทายดูนะ!,"Kamu juga bisa mendapatkan lencana<br>master  dengan mencetak sejumlah<br>poin di game Han River Race, <br> jadi jangan lupa untuk mencobanya!","Nếu đạt được số điểm nhất định trong trò chơi Đua ngựa sông Hàn, <br> bạn cũng có thể nhận được huy hiệu master <br> nên nhớ tham gia nhé!",N'oublie pas de jouer au HANGANG RACE <br> avec un score stable pour obtenir le badge Master !
8600,InputFood음식을 구매하시겠습니까? 구매 시 원더코인 10개가 소모됩니다.,Would you like to purchase InputFood? It would cost 10 WONDER COINS if you do,InputFood食べ物を購入しますか？ 購入するとワンダーコイン10個が消費されます。,要购买InputFood食物吗？购买时将花费10个WONDER币,要購買「」食物嗎InputFood？購買時將花費10個WONDER幣,ซื้ออาหาร InputFood ไหมครับ เมื่อซื้อจะใช้วอนเดอร์คอยน์ 10 เหรียญครับ ,InputFoodApakah kamu ingin membeli makanan? Pembelian akan dikenakan biaya 10 Wondercoin., Bạn có muốn mua đồ ăn InputFood chứ? Sẽ mất 10 Wonder Coin khi mua.,Voulez-vous acheter le plat InputFood ? Cela vous coûtera 10 WONDER COINS.
8700,꽈배기,Twisted doughnut,クァベギ(ツイストドーナツ),麻花卷,麻花卷,ขนมกวาแบกี,Kue Kkwabaegi,Bánh xoắn,Kkwabaegi
8800,육회,Korean style raw beef,ユッケ,生拌牛肉,生拌牛肉,เนื้อดิบ,yukhoe,Thịt bò sống,yukhoe
8900,떡볶이,Tteokboki /,トッポッキ,辣炒年糕,辣炒年糕,ต็อกปกกี,Tteokbokki,Bánh gạo cay tteokbokki,Tteokbokki
9000,모둠전,Assorted Savory Pancakes,チヂミの盛り合わせ,什锦煎饼,什錦煎餅,ช็อนรวมมิตร,Berbagai Jeon,Bánh chiên các loại,Assortis de Jeon (pancake)
9100,닭강정,K-Chicken,タッカンジョン(鶏肉の辛味揚げ),炸鸡块,炸雞塊,ดักคังจอง,Ayam Gangjeong,Gà rán tẩm gia vị,Dakkangjeong
9200,돌솥비빔밥,Hot Stone Pot Bibimbap,石焼きビビンバ,石锅拌饭,石鍋拌飯,ทลซดพิบิมบับ,Dolsot Bibimbab,Com trộn bibimbab nồi đất,Bibimbap dans un bol en pierre chaude
9300,구매,Purchase,購入,购买,購買,การซื้อ,Beli,Mua,Acheter
9400,취소,Cancel ,キャンセル,取消,取消,การยกเลิก,Batal,Hủy bỏ,Annuler
9500,K-랭귀지존에 온 걸 환영해!  ,Welcome to K-LANGUAGE ZONE!,K-ランゲージゾーンへようこそ！ ,欢迎来到K-语言区,歡迎來到K-語言區,ยินดีต้อนรับสู่ K-แลงเกวจโซน,Selamat datang di Zona K-LANGUANGE!  ,Chào mừng bạn đến với K-Language Zone!,Bienvenue au K-LANGUAGE ZONE !
9600,이곳에선 다양한 한글 단어를 들어보고 말해보고 써볼 수 있어!,"You can hear, say and write various Korean words!",ここでは様々なハングルの単語を聞いて、話して、書いてみることができるよ！,在这里可以听到不同的韩文单词，并可以说出来、写出来,在這裡可以聽到不同的韓文單詞，並可以說出來、寫出來,ที่นี่ สามารถฟัง พูดและเขียนคำศัพท์ภาษาเกาหลีที่หลากหลายได้!,"Di sini kamu bisa mendengar, mengucapkan, dan menulis berbagai macam kata dalam bahasa Korea!","Tại đây bạn có thể nghe, nói và viết nhiều từ tiếng Hàn khác nhau!","Tu peux écouter, dire et écrire différents mots coréens ici !"
9700,우선 책상에 앉아서 기초를 배운 후에 칠판에서 너의 실력을 테스트해 봐!,Learn the basics sitting at the desk first and then test yourself on the chalkboard!,まずは机に座って基礎を学んだ後、黒板であなたの実力をテストしてみよう！,先坐在书桌前，学习基础，然后在黑板测试你的实力,先坐在書桌前，學習基礎，然後在黑板測試你的實力,ก่อนอื่นลองนั่งโต๊ะหนังสือ และเรียนพื้นฐานก่อน แล้วก็ลองทดสอบความสามารถของคุณบนกระดานดำนะ!,"Pertama, duduklah di mejamu dan pelajari dasar-dasarnya, kemudian uji kemampuan kamu di papan tulis!","Đầu tiên, hãy ngồi xuống và học những điều cơ bản, sau đó kiểm tra năng lực trên bảng đen!",Assieds-toi d'abord pour apprendre les bases puis teste ton niveau au tableau !
9800,자음,Consonant,子音,子音,子音,พยัญชนะ,Huruf konsonan,Phụ âm,Consonne
9900,모음,Vowel,母音,母音,母音,สระ,Huruf Vokal,Nguyên âm,Voyelle
10000,항공샷,Aerial photo,航空ショット,俯瞰视角,俯瞰視角,ภาพจากทางอากาศ,Foto dari Atas,Bắn từ trên không,Photo de haut
10100,정면샷,Frontal photo,正面ショット,正面视角,正面視角,ภาพจากด้านหน้า,Foto dari depan,Bắn phía trước,Photo de face
10200,로우샷,Low photo,ローショット,仰望视角,仰望視角,ภาพยิงต่ำ,Foto Dari Bawah,Bắn thấp,Photo de bas
10300,원하는 포즈를 선택해 주세요!,Choose your posture!,お好きなポーズを選んでください！,请选择想做的姿势,請選擇想做的姿勢,เลือกท่าที่ต้องการนะครับ,Silahkan Pilih Pose Yang Diinginkan,Hãy chọn tư thế bạn muốn!,Veuillez sélectionner la pose souhaitée !
10400,프레임,Frame,フレーム,外框,外框,เฟรม,Bingkai,Khung,Cadre
10500,스티커,Sticker,スティッカー,贴纸,貼紙,สติ๊กเกอร์,Stiker,Nhãn dán,Stickers
10600,피드 업로드하기,Upload the feed,フィードをアップロードする,上传feed,上傳feed,อัปโหลฟีด,Upload Di Feed,Tải lên feed,Publier dans le fil d'actualité
10700,저장하기,Save,保存する,储存,儲存,บันทึก,Menyimpan,Lưu,Sauvegarder
10800,한강의 야경은 언제봐도 멋지지 않니? 아름다운 배경에서 제트스키 게임을 즐겨봐!,Isn't the night view of the Han River always magnificent? Enjoy jet skiing against the beautiful scenic backdrop!,漢江の夜景はいつ見ても素敵でしょ？ 美しい風景を背景にジェットスキーゲームを楽しんでみよう！,汉江的夜景是不是无论甚麽时候都很好看？在美丽的背景下玩水上摩托吧！,漢江的夜景是不是無論甚麼時候都很好看？在美麗的背景下玩水上摩托吧！,วิวแม่น้ำฮันตอนกลางคืนเนี่ย ดูเมื่อไหร่ก็สวยไม่ใช่หรอ ลอลเล่นเกมเจ็ทสกีบนพื้นหลังที่สวยงามนะ!,"Pemandangan malam hari di Sungai Han selalu memukau, jadi mengapa tidak bermain jet ski dengan menggunakan pemandangan yang indah ini?",Cảnh sông Hàn về đêm chẳng phải lúc nào cũng đẹp sao? Thưởng thức các trò chơi mô tô nước với khung cảnh đẹp!,La vue nocture de Hanganf n'est-elle pas toujours magnifique ? Joue au jeu JET SKI dans cette belle vue nocturne !
10900,300점을 넘으면 마스터 배지도 획득할 수 있으니 꼭 도전해봐!,Try earning the Master Badge when you get 300 points or over!,300点を超えるとマスターバッジもゲットできるので、ぜひ挑戦してみてください！,超过300分可获得大师徽章，一定要挑战！,超過300分可獲得大師徽章，一定要挑戰！,ถ้าได้มากกว่า 300 คะแนนก็จะได้ตรามาสเตอร์ได้ด้วยนะ ลองท้าทายดูให้ได้นะ!,"Kamu juga bisa mendapatkan Lencana Master dengan mencetak lebih dari 300 poin, jadi coba saja!","Nếu vượt quá 300 điểm, bạn cũng có thể nhận được huy hiệu master nen hãy nhớ thử nhé!","Tu peux obtenir le badge Master en dépassant 300 points, donc tente ta chance !"
11000,좌우 버튼으로 장애물을 피해서 최고 기록에 도전해 보자!,Challenge the highest record by dodging obstacles using the left and right buttons!,左右のボタンで障害物を避けて最高記録に挑戦してみよう！,控制左右按钮避开障碍物，挑战最高纪录！,控制左右按鈕避開障礙物，挑戰最高紀錄！,ลองท้าทายสถิติสูงสุดโดยหลีกเลี่ยงอุปสรรคด้วยปุ่มซ้ายและขวา!,Gunakan tombol kiri dan kanan untuk menghindari berbagai rintangan dan cobalah untuk memecahkan waktu terbaik mu!,Sử dụng các nút trái và phải để tránh chướng ngại vật và đath điểm số cao nhất!,Atteinds le meilleur score en évitant les obstaclest avec les boutons droite-gauche !
11100,이동한 거리가 늘어날수록 제트스키의 속도가 빨라져!,The speed of the jet ski gets faster as the distance traveled increases!,移動距離が増えるとジェットスキーの速度が速くなるよ！,移动的距离越远，水上摩托的速度就会越快！,移動的距離越遠，水上摩托的速度就會越快！,ยิ่งระยะทางที่เคลื่อนไปยาวขึ้น ความเร็วของเจ็ทสกีก็ยิ่งเร็วขึ้น!,"Semakin jauh jarak yang ditempuh, semakin cepat pula kecepatan jet ski!","Khi quãng đường di chuyển tăng lên, tốc độ của mô tô nước tăng lên!","Plus tu vas loins, plus la vitesse du jet ski augmente !"
11200,시작,Start,スタート,开始,開始,การเริ่ม,Mulai,Bắt đầu,Commencer
11300,확인,Confirm,確認,确认,確認,การยืนยัน,Konfirmasi,Kiểm tra,Oui
11400,오랜만에 유미의 세포들 정주행 해보는 거 어때요?,HOW ABOUT REWATCHING YUMI'S CELLS FROM THE FIRST EPISODE?,久しぶりにユミの細胞たちを読みつきませんか？,时隔好久重看柔美的细胞小将怎样呢？,時隔好久重看柔美的細胞小將怎樣呢？,ไปดูยูมิกับเซลล์สมองสุดอลเวกันดีไหม ไม่ได้ดูนานแล้ว,Bagaimana rasanya setelah menjelajahi sel Yumi yang telah lama tidak terlihat?,Lâu rồi không xem lại các tế bào của Yumi. Vậy cùng xem nhé?,Pourquoi pas regarder encore les cellules de Yumi pour la premère fois depuis longtemps?
11500,감정적으로 행동하고 감수성도 뛰어난 당신! 야행성 기질이 강하시군요!,YOU ACT OUT OF YOUR FEELINGS AND ARE BURSTING WITH EMOTIONS! YOU TEND TO BE ACTIVE AT NIGHT!,感情的で感受性も強いあなた！夜行性気質も強いですね！,感情用事，感性也很强的你！ 夜行性气质很强啊！,感情用事，感性也很強的你！ 夜行性氣質很強啊！,คุณแสดงอารมณ์และอ่อนไหวมาก! คุณมีลักษณะชอบเที่ยวกลางคืน,Kamu sangat emosional dan sensitif! Kamu memiliki karakter aktif dan kuat!,Bạn hành động theo cảm xúc và có độ nhạy cảm cao! Khí chất hoạt động về đêm thật mạnh mẽ!,Vous qui agissez émotionnellement et êtes très sensible! Vous avez un fort tempérament nocturne!
11600,주변 상황을 분석하고 예측하는 당신! 미래의 직업은 혹시 경찰?,YOU ANALYZE YOUR SURROUNDINGS AND MAKE PREDICTIONS! PERHAPS A POLICE IN THE FUTURE?,周りの状況を分析して予測するあなた！将来の職業はもしかしたら警察？,时刻分析和预测周围情况的你！未来或许会当上警察？,時刻分析和預測周圍情況的你！未來或許會當上警察？,คุณวิเคราะห์และคาดการณ์สถานการณ์รอบตัว! อาชีพในอนาคตคือตำรวจหรือเปล่า?,Kamu mampu menganalisis dan memprediksi situasi di sekitarmu! Apakah kamu akan menjadi polisi di masa depan?,Bạn phân tích và dự đoán tình hình xung quanh! Nghề nghiệp tương lai của bạn là cảnh sát à?,Vous qui analysez et prévoyez la situation autour de vous! Votre future profession est un police?
11700,불안한 생각을 너무하고 있군요… 너무 걱정하지 말아요. 다 잘 될 거예요!,YOU ARE WORRYING TOO MUCH….DON'T WORRY. EVERYTHING WILL BE OKAY!,不安で頭がいっぱいですね…ご心配なく。必ずうまく行きますから！,在顾虑很多啊··· 不要太担心，一切都会变好！,在顧慮很多啊··· 不要太擔心，一切都會變好！,คุณดูกังวล… อย่ากังวลนะ ทุกอย่างจะดีขึ้น,"Kamu terlalu memiliki banyak pikiran cemas... Jangan khawatir, semuanya akan baik-baik saja!",Bạn đang có quá nhiều lo lắng… Đừng lo lắng quá. Mọi chuyện sẽ tốt đẹp thôi!,Vous pensez trop de l’idée inquiête... ne vous inquiétez pas trop. Tout ira bien!
11800,패션 감각이 탁월해 인기 많은 당신! 오늘부터 당신은 제페토 인싸!,"YOU HAVE A GOOD TASTE IN FASHION, MAKING YOU SO POPULAR! YOU ARE A ZEPETO INSSA!",ファッションセンスが良くて人気の高いあなた！今日からあなたはゼペットの人気者！,引领潮流，人气火爆的你！从今天开始你就是崽崽的风流人物！,引領潮流，人氣火爆的你！從今天開始你就是崽崽的風流人物！,คุณได้รับความนิยม เพราะประสาทสัมผัสด้านแฟชั่นที่โดดเด่น! ตั้งแต่วันนี้คุณคืออินซายเดอร์เจเพทโต้!,"Kamu populer karena kamu memiliki selera fashion yang bagus! Mulai sekarang, kamu adalah Zepeto Ayo ucapkan salam!","Bạn nổi tiếng với gu thời trang vượt trội! Từ hôm nay, bạn là người sành điệu Zepeto!",Vous qui êtes populaire à cause de votre excellent sens de mode! D’aujourd’hui vous êtes un célébrité dans le Zepeto!
11900,먹는 것에 진심인 당신! 저녁 야식은 조금만 드세요…,YOU ARE A SERIOUS FOOD LOVER! DON'T EAT TOO MUCH AT NIGHT!,食べるのが大好きなあなた！でも夜食は少しだけにしてくださいね…,是吃货一枚的你！夜宵就吃一点点好不好···,是吃貨一枚的你！夜宵就吃一點點好不好···,คุณชอบของกินมากเลย! กินอาหารมื้อดึกนิดหน่อยนะคะ,"Jika kamu memang bersungguh-sungguh dengan apa yang kamu makan, makanlah sedikit camilan tengah malam…",Người đam mê ăn uống như bạn! Hãy chỉ nên ăn khuya một chút thôi…,Vous qui êtes sincère à manger! Prenez une petite collation de soir…
12000,당신은… 저돌적이며… 그렇군요! 응큼한 상상과 계획을 가지고 계시군요!,YOU ARE….AGGRESSIVE….AND YEAH! YOU HAVE NAUGHTY FEELINGS AND IDEAS!,あなたは…がむしゃらで…そうですね！下心いっぱいの想像と計画があるんですね！,做事··· 无所忌惮的你···原来如此！你的脑海里充满涩涩的想象和计划啊！,做事··· 無所忌憚的你···原來如此！你的腦海裏充滿澀澀的想象和計劃啊！,คุณ… มุทะลุ…  อ้อ! มีจินตนาการและแผนการที่เจ้าเล่ห์,Kamu... ceroboh...kamu punya ide dan rencana besar ya!,Bạn... rất liều lĩnh... ra là vậy! Bạn có một kế hoạch và sự tưởng tượng rất mạnh mẽ!,Vous êtes... téméraire... je vois! Tu as des imaginations et des plans de la luxure!
12100,편스토랑 스튜디오에서 음식 개수 맞추기 클리어하기,CLEAR THE HOW MANY DISHES GAME AT FUN-STAURANT STUDIO,コンビニレストランスタジオで料理の数当てゲームをクリア,在新品上市便利餐厅摄影棚通关猜食品个数游戏,在新品上市便利餐廳攝影棚通關猜食品個數遊戲,เคลียร์ทายจำนวนอาหารในพยอนสเตอรอง,Menyelesaikan penghitungan makanan di Diner Studio,Đoán số đồ ăn trong Fun-Staurant Studio,Accomplir deviner le nombre d’aliments au Pyeon Restaurant studio
12200,유미의 세포들 스튜디오에서 룰렛 돌리기,SPIN THE ROULETTE AT YUMI'S CELLS STUDIO,ユミの細胞たちスタジオでルーレットをプレイ,在柔美的细胞小将工作室转转盘,在柔美的細胞小將工作室轉轉盤,หมุนรูเล็ทที่สตูดิโอของยูมิกับเซลล์สมองสุดอลเวง,Memutar Roulette di Yumi's Cells Studio,Hãy quay các dụng cụ trong studio các tế bào của Yumi,Jouer à la roulette aux cellules de Yumi studio
12300,K-STUDIO 마스터 배지 획득,YOU EARNED THE K-STUDIO MASTER BADGE ,K-STUDIOマスターバッチゲット,获得K-STUDIO大师徽章,獲得K-STUDIO大師徽章,ได้รับเหรียญตรามาสเตอร์ K-STUDIO ,Mendapatkan Lencana Master K-STUDIO,Nhận huy hiệu Master K-STUDIO,Obtention de K-STUDIO master badge
12400,여긴 영화 ‘써니’의 명장면을 확인할 수 있는 스튜디오야!<br>거실이나 음악다방에서 다른 친구들과 <br>영화 속 명장면을 따라 해보고 인증샷도 찍어볼 수 있어!,"THIS IS THE MOVIE STUDIO OF ""SUNNY,"" WHERE YOU CAN EXPERIENCE THE FAMOUS SCENES FROM THE MOVIE! <br>YOU CAN ACT OUT THE FAMOUS SCENES IN THE LIVING ROOM AND MUSIC CAFÉ WITH FRIENDS AND TAKE PHOTOS!",ここは映画「サニー」の名場面がチェックできるスタジオだよ！<br>リビングやミュージックルームで友達と<br>映画の名場面を真似して写真も撮れるよ！,这里是可以看看电影‘阳光姐妹淘’的名场面的STUDIO！<br>可以在客厅或音乐茶馆和其他朋友们一起模仿电影名场面并拍下认证照哦！,這裏是可以看看電影‘陽光姐妹淘’的名場面的STUDIO！<br>可以在客廳或音樂茶館和其他朋友們一起模仿電影名場面並拍下認證照哦！,ที่นี่คือสตูดิโอที่คุณชมฉากในภาพยนตร์ที่มีชื่อเสียงเรื่อง 'Sunny' ได้!<br>คุณตามฉากที่มีชื่อเสียและถ่ายภาพยืนยันได้<br>ที่ห้องนั่งเล่นหรือร้านคาเฟ่ดนตรีกับเพื่อน,Ini adalah studio tempat dimana kalian bisa melihat adegan terkenal dari film Sunny! Di ruang tamu atau ruang musik kamu dengan teman-temanmu dapat meniru adegan di film tersebut dan mengambil selfie disana,Đây là studio mà các bạn có thể xem được những cảnh nổi tiếng trong phim Sunny!<br>Bạn có thể làm theo những cảnh nổi tiếng trong phim và chụp ảnh kỉ niệm ở phòng khách hoặc quán cà phê âm nhạc!,C’est un studio où tu peux regarder les meilleures scènes du film ‘Sunny’!<br>Tu peux copier la scène excellente du film et prendre des photos de preuve<br>avec d'autres amis dans la salle de séjour ou au café de musique!
12500,‘연모’ 봤어? 여긴 드라마 ‘연모’에 나왔던<br>한국의 유명 관광지 완월정(남원 광한루원)이야.<br>돌아보면서 포스터도 확인하고 징검다리 미니게임도 즐겨봐!,"HAVE YOU WATCHED ""THE KING'S AFFECTION?"" THIS PLACE IS THE FAMOUS TOURIST SITE WANWEOLJEONG (NAMWON GWANGHANRU) FROM THE DRAMA. TAKE A LOOK AROUND, CHECK OUT THE POSTERS, AND PLAY MINI GAMES AT THE STEPPING STONES!",「恋慕」見た？ここはドラマ「恋慕」に出た<br>韓国の人気観光スポトである玩月亭（南原・広寒楼苑）だよ。<br>観光しながらポスターもチェックし、飛び石ミニゲームも楽しんでみて！,看过‘恋慕’吗？ 这里是电视剧‘恋慕’取景过的<br>韩国著名旅游胜地玩月亭（南原广寒楼苑）。<br>边逛边确认一下海报，再享受石头桥游戏吧！,看過‘戀慕’嗎？ 這裏是電視劇‘戀慕’取景過的<br>韓國著名旅遊勝地玩月亭（南原廣寒樓苑）。<br>邊逛邊確認一下海報，再享受石頭橋遊戲吧！,ได้ดู ซีรีส์เกาหลี'ยอนโม' หรือยัง<br>ที่นี่คือวันวอลจองสถานที่ท่องเที่ยวที่มีชื่อเสียงในเกาหลี ที่เห็นในซีรีส์เกาหลี'ยอนโม'<br>ไปดูโปสเตอร์และเล่นมินิเกมจิงกอมดารีกัน,"Pernahkah kamu melihat Yeonmo? Ini adalah Wanwoljeong, objek wisata di Korea Selatan yang ditampilkan dalam drama tersebut Wanwoljeong (Namwon Gwanghanruwon), objek wisata terkenal di Korea Selatan. Lihatlah sekeliling, lihat poster-posternya, dan mainkan minigame Jinggumdari!","Các bạn đã xem bộ phim truyền hình ""Luyến mộ"" chưa? Đây là Wanwoljeong (Namwon Gwanghanruwon) - điểm du lịch nổi tiếng của Hàn Quốc từng xuất hiện trong bộ phim truyền hình ""Luyến mộ"".<br>Hãy quay lại để kiểm tra poster và chơi mini game chiếc cầu bằng đá nhé!","Tu as regardé ‘Yeonmo’? Ici, c’est Wanwaljeong(Namwon Gwanghalluwon), un site touristique très connue en Corée,<br>où est sorti dans la série ‘Yeonmo’.<br>Regarde les affiches en te promenant et t’amuse mini-jeu de pierres de gué!"
12600,모든 마스터 배지를 모은 후 원더어워즈로 이동해 히든 아이템을 획득해보세요!,"AFTER COLLECTING ALL MASTER BADGES, HEAD TO WONDER AWARDS TO EARN HIDDEN ITEMS!",マスターバッチを全部集めてワンダーアワーズに移動し、隠しアイテムをゲットしよう！,收集所有大师徽章后前往WONDER AWARDS获得隐藏道具吧！,收集所有大師徽章後前往WONDER AWARDS獲得隱藏道具吧！,หลังจากรวบรวมเหรียญตรามาสเตอร์แล้ว ไปที่วอนเดอร์อะวอร์ดเพื่อรับไอเท็มที่ซ่อนอยู่!,"Setelah kamu mengumpulkan semua Lencana Master, kunjungi WONDER AWARDS untuk mengklaim Item Tersembunyimu!","Sau khi thu thập tất cả huy hiệu Master, hãy di chuyển đến WONDER AWARDS và thu thập các vật phẩm bị ẩn giấu!","Après avoir rassemblé tous les master badges, vas à WONDER AWARDS pour obtenir l'objet secret!"
12700,장착중,INSTALLING ,装着中,佩戴中,佩戴中,ติดตั้งอยู่,Memasangkan,Đang sử dụng,En équipememt
12800,장착불가,UNABLE TO INSTALL,装着不可,无法佩戴,無法佩戴,ไม่สามารถติดตั้งได้,Tidak Valid Dipasangkan,Không thể sử dụng,Impossible d'équiper
12900,"마스터 배지를 다 모았구나? 축하해!<br>K-원더어워즈로 날 만나러 와줘, 널 위한 선물이 준비돼있어!",YOU COLLECTED ALL MASTER BADGES! CONGRATULATIONS!<br>MEET ME AT K-WONDER AWARDS; I HAVE A PRESENT FOR YOU!,マスターバッチを全部集めたね？おめでとう！<br>K-ワンダーアワーズまで会いに来てください。あなたのためのプレゼントがあるよ！,集全大师徽章了吗？ 恭喜你！<br>来K-WONDER AWARDS见我吧，有礼物等你签收哦！,集全大師徽章了嗎？ 恭喜你！<br>來K-WONDER AWARDS見我吧，有禮物等你簽收哦！,คุณรวบรวมเหรียญตรามาสเตอร์ทั้งหมดแล้ว! ยินดีด้วยนะ!<br>มาเจอฉันที่ K-วันเดอร์ อะวอร์ดส์ ฉันมีของขวัญเตรียมไว้!,"Selamat, kamu telah mendapatkan semua lencana Master  Datang dan temuiku di K-WONDER AWARDS, Aku punya hadiah untukmu!",Bạn đã thu thập tất cả huy hiệu Master? Chúc mừng bạn!<br>Hãy đến gặp tôi tại K-WONDER AWARDS! Tôi đã chuẩn bị quà cho bạn!,Tu as rassemblé tous les master badges! Félicitations!<br>Viens me rencontrer à K-WONDER AWARDS. Il y a un cadeau pour toi!
13000,K-원더어워즈에 온 걸 환영해! 말했던 특별한 선물을 줄게.<br>내가 있는 곳으로 와서 말을 걸어줘!  ,WELCOME TO K-WONDER AWARDS! I'LL GIVE YOU THE PRESENT I MENTIONED BEFORE.<br>COME OVER AND TALK TO ME!,K-ワンダーアワーズにようこそ！さっき話したスペシャルプレゼントをあげます。<br>私のところまで来て話しかけてね！,欢迎来到K-WONDER AWARDS! 说好的特别礼物给你！<br>来我这里跟我搭话吧！,歡迎來到K-WONDER AWARDS! 說好的特別禮物給你！<br>來我這裏跟我搭話吧！,ยินดีต้อนรับสู่ K-วันเดอร์ อะวอร์ดส์! ฉันจะให้ของขวัญพิเศษที่ฉันบอก,Selamat datang di K-WONDER AWARDS! Aku punya hadiah spesial untuk mu.,Chào mừng bạn đến với K-WONDER AWARDS! Tôi sẽ tặng bạn muốn quà đặc biệt mà tôi đã nói.<br>Hãy tiến đến chỗ tôi và nói chuyện với tôi!,Bienvenue à K-WONDER AWARDS! Je vais t'offrir un cadeau spécial dont je t'ai parlé.<br>M'adresse la parole en vanant à là où je suis!
13100,마스터 배지를 다 모으지 않았다면 K-원더어워즈를 즐길 수 없어!<br>원더랜드로 돌아가서 모든 배지를 얻은 뒤에 다시 찾아와줘!,YOU CANNOT ENTER K-WONDER AWARDS IF YOU HAVE NOT COLLECTED ALL MASTER BADGES!<br>HEAD BACK TO WONDERLAND AND REVISIT AFTER HAVING EARNED ALL MASTER BADGES!,マスターバッチを全部集めないとK-ワンダーアワーズは楽しめないよ！<br>ワンダーランドに戻ってバッチを全部集めてからもう一度来てね！,没有集全大师徽章就无法享受K-WONDER AWARDS哦！<br>回到WONDERLAND获得所有大师徽章之后再来找我吧！,沒有集全大師徽章就無法享受K-WONDER AWARDS哦！<br>回到WONDERLAND獲得所有大師徽章之後再來找我吧！,คุณไม่สามารถเพลิดเพลินกับ K-วันเดอร์ อะวอร์ดส์ได้!<br>ถ้าคุณยังไม่ได้สะสม เหรียญตรามาสเตอร์ให้ครบ! กลับมาที่วอนเดอร์แลนด์หลังจากคุณได้รับเหรียญตราครบแล้ว!,Kamu tidak bisa memainkan K-WONDER AWARDS sampai kamu mengumpulkan semua Lencana Master!,"Nếu không thu thập được hết số huy hiệu Master thì không thể vào lễ trao giải K-WONDER!<br>Hãy trở lại WONDERLAND, thu thập toàn bộ huy hiệu và quay lại đây!",Si tu n'a pas encore rassembler tous les master badges tu ne peux pas t'amuser à K-WONDER AWARDS!<br>Rassemble tous les badges en retournant au K-WONDER AWARDS et revenez ici!
13200,잘 찾아왔어! 여기 널 위해 준비한 특별한 선물이야!,WELL DONE! HERE IS THE SPECIAL PRESENT I PREPARED FOR YOU!,よく来たね！ほら、あなたのためのスペシャルプレゼント！, 你找对了！ 这是为你准备的特别礼物哦！,你找對了！ 這是爲你準備的特別禮物哦！,ยินดีต้อนรับ! นี่คือของขวัญพิเศษที่เตรียมไว้สำหรับคุณ! ,Kamu datang ke tempat yang tepat! ini ada hadiah spesial untukmu!,Bạn tìm đến đúng nơi rồi! Đây là món quà đặc biệt dành cho bạn.,Bienvenue! C'est un cadeau spécial pour toi!
13300,어때? 맘에 들어? <br>내가 준 히든 아이템은 선물상자 아이콘을 눌러서 확인할 수 있어!<br>히든 아이템은 K-원더어워즈 어디서든 착용이 가능해!,HOW IS IT? DO YOU LIKE IT? <br>YOU CAN CHECK THE HIDDEN ITEM BY CLICKING ON THE GIFT BOX ICON! YOU CAN WEAR IT ANYWHERE IN K-WONDER AWARDS!,どう？気に入った？<br>私からの隠しアイテムは ギフトボックス アイコンを押すと確認できるよ！<br>K-ワンダーアワーズ内でしか使えないスペシャルアイテムだよ！,怎样？ 喜欢吗？<br>我给你的隐藏道具可以通过点击礼品箱图标确认！<br>在K-WONDER AWARDS 的任何地方都可以佩戴哦！,怎樣？ 喜歡嗎？<br>我給你的隱藏道具可以通過點擊禮品箱圖標確認！<br>在K-WONDER AWARDS 的任何地方都可以佩戴哦！,เป็นอย่างไรบ้าง<br>ชอบไหม คุณสามารถเช็คไอเท็มที่ฉันให้ได้โดยแตะที่ไอคอน กล่องของขวัญ!<br>คุณใส่ได้ทุกที่ใน K-WONDER AWARDS,"Bagaimana menurut mu, apakah kamu menyukainya? <br>Tekan ikon kotak hadiah untuk melihat item tersembunyi yang aku berikan! Ini adalah item spesial yang hanya bisa dipakai di K-WONDER AWARDS!",Thế nào? Bạn có thích không?<br>Các bạn có thể kiểm tra các vật phẩm tôi đã tặng bằng cách ấn vào icon Hộp quà!<br>Đây là vật phẩm đặc biệt chỉ có thể sử dụng tại K-WONDER AWARDS!,Il est comment? Ça te va?<br>Tu peux voir l'objet secret que je t'ai offert en appuyant un icône boîte cadeau!<br>C'est un objet spécial que tu peux seulement équiper dans le K-WONDER AWARDS!
13400,"자, 그럼 선물도 받았겠다, <br>시상식에 가기 위한 준비를 해볼까?<br>여기서 의상을 고른 다음 아래 층으로 내려와!","OKAY, NOW THAT YOU RECEIVED A PRESENT,<br>HOW ABOUT WE GET READY FOR THE AWARDS CEREMONY?<br>PICK OUT YOUR DRESS AND COME DOWN!",じゃ、プレゼントまでもらったし、<br>授賞式に行く準備をしよう！<br>ここで衣装を選んでから下の階まで来てね！,那么，既然礼物也收到了，<br>开始为参加颁奖典礼做准备吧？<br>在这里选好衣服之后来楼下吧！,那麼，既然禮物也收到了，<br>開始爲參加頒獎典禮做準備吧？<br>在這裏選好衣服之後來樓下吧！,เอาล่ะ ได้รับของขวัญแล้ว<br>เตรียมตัวไปเข้าพิธีมอบรางวัลกันดีไหม<br>เลือกชุดที่นี่ แล้วลงมาข้างล่าง!,"Oke, jadi kamu sudah mendapatkan hadiahmu, <br>Ayo bersiaplah untuk pergi ke acara penghargaan.<br>Pilih pakaianmu di sini dan turunlah ke bawah!","Chúng ta đã nhận quà rồi,<br>bây giờ cùng chuẩn bị cho lễ trao giải nhé?<br>Bạn hãy chọn trang phục ở đây rồi đi xuống tầng dưới nhé!","Bon, tu as le cadeau.<br>Maintenant, on se prépare à la cérémonie de remise des prix?<br>Choisis ta tenue d'ici et à étage de dessous!"
13500,"우와, 진짜 잘 어울려! 보는 눈이 있는 걸?<br>자, 이제 헤어/메이크업 시간이야.<br>원하는 자리로 가서 헤어/메이크업을 끝내고 밖으로 나오면 돼!  ","WOW, YOU LOOK AMAZING IN THE DRESS! NICE PICK!<br>NOW, LET'S DO YOUR HAIR AND MAKEUP.<br>TAKE A SEAT WHERE YOU LIKE TO GET YOUR HAIR AND MAKEUP DONE AND COME OUT WHEN READY!",ワー！本当によく似合ってる！センスいいじゃん！<br>それではヘアセットとメイクの時間です。<br>お好きな席に行ってヘアセットとメイクをしてから外に出てね！,天呐！真的好适合你！ 很有眼光啊？<br>好，现在是做头发/化妆的时间。<br>到你想要的位置做好头发/化完妆之后出来就可以啦！,天吶！真的好適合你！ 很有眼光啊？<br>好，現在是做頭髮/化妝的時間。<br>到你想要的位置做好頭髮/化完妝之後出來就可以啦！,ว้าว มันเหมาะกับคุณจริงๆ!<br>ถึงเวลาทำผมแล้ว/แต่งหน้าแล้ว<br>ไปที่ที่คุณอยากทำผม/แต่งหน้า ถ้าเสร็จแล้วก็ออกมาข้างนอกนะ!,"Wow, kamu terlihat sangat cantik! Kamu punya selera yang bagus!Oke, saatnya untuk menata rambut dan merias wajah. Pergilah ke tempat yang kamu inginkan, lalu tata rambut , rias wajahmu, dan pergilah!  ","Wow, rất hợp với bạn! Bạn thật có mắt nhìn đó.<br>Bây giờ là thời gian làm tóc/ trang điểm.<br>Hãy đi đến vị trí bạn muốn, làm tóc/ trang điểm rồi đi ra ngoài nhé!","Ouah, Ça te va si bien! Tu as l’eoil pour choisir!<br>Alors, C’est l’heure de coiffure/maquillage.<br>Vas une place où tu veux et fini tes coiffure/maquillage, et après ça sors!"
13600,"이제 시상식장으로 이동할 시간이야,<br>리무진 타고 같이 가자!",IT'S TIME TO HEAD OVER TO THE AWARDS CEREMONY.<br>LET'S TAKE THE LIMOUSINE TOGETHER!,今から授賞式まで移動するよ！<br>リムジンに乗って一緒に行こう！,到了去颁奖典礼的时间了。<br>坐上豪华轿车一起出发吧！,到了去頒獎典禮的時間了。<br>坐上豪華轎車一起出發吧！,ตอนนี้ได้เวลาไปพิธีมอบรางวัลแล้ว นั่งรถลีมูซีนไปด้วยกันเลย,"Sekarang Saatnya menuju ke acara penghargaan,<br>jadi ikutlah denganku di dalam limo!","Bây giờ là thời gian di chuyển đến nơi diễn ra lễ trao giải,<br>cùng lên xe limousine nhé!","Maintenant, c’est l’heure d’aller à la cérémonie de remise des prix.<br>Allons-y en limousine!"
13700,도착했어! 포토월에서 사진 찍고<br>시상식장에서 만나! 멋진 무대를 보여주자구!,WE HAVE ARRIVED! TAKE YOUR PHOTO AT THE PHOTO WALL AND I'LL MEET YOU AT THE AWARDS CEREMONY! LET'S PUT TOGETHER A GREAT PERFORMANCE!,到着！フォトウォールで写真を撮ってから<br>式場で会いましょう！素敵なステージを披露しようね！,到了！ 在红毯拍照后<br>在颁奖典礼现场见哦！向大家展示精彩的舞台吧！,到了！ 在紅毯拍照後<br>在頒獎典禮現場見哦！向大家展示精彩的舞臺吧！,ถึงแล้ว! ถ่ายรูปที่เขตถ่ายรูปแล้วพบกันที่พิธีมอบรางวัลนะ! มาแสดงโชว์ที่ยอดเยี่ยมกัน! ,"Kamu sudah tiba! Berfoto di photowall!<br>Sampai jumpa di acara penghargaan, kami akan menampilkan pertunjukan yang luar biasa!",Đến nơi rồi! Hãy chụp ảnh ở phố chụp ảnh<br>Hẹn gặp ở lễ trao giải! Hãy cho mọi người thấy màn trình diễn tuyệt vời nhé!,On est arrivés! Prends des photos au mur de photo<br>et on se voir encore à la cérémonie de remise des prix! Représentons une belle performance!
13800,정말 멋진 무대였어! 우린 언제나 여기 있으니까<br>함께 춤추고 싶다면 언제든 찾아와!,"THAT WAS AN AMAZING PERFORMANCE! WE WILL ALWAYS BE HERE, SO COME FIND US WHENEVER YOU WANT TO PERFORM!",とても素晴らしいステージだった！私たちはいつまでもここにいるから<br>一緒に踊りたいときはいつでも来てね！,真是一场完美的舞台！ 我们无论何时都会在这里<br>如果想一起跳舞就随时来这里找我们哦！,真是一場完美的舞臺！ 我們無論何時都會在這裏<br>如果想一起跳舞就隨時來這裏找我們哦！,เป็นการแสดงที่ยอดเยี่ยมจริงๆ! เราก็อยู่ที่นี่เสมอ<br>ถ้าอยากเต้นด้วยกัน ไม่ว่าเมื่อไรก็มาหาได้!,Tadi adalah pertunjukan yang luar biasa!<br>Kami akan selalu ada di sini!<br>jika kamu ingin menari bersama kami!,Quả là một màn trình diễn tuyệt vời! Bất cứ lúc nào chúng tôi cũng ở đây<br>Nếu bạn muốn nhảy cùng thì có thể đến bất cứ lúc nào!,C’est la formidable performance! on est ici toujours<br>viens à n’importe quel moment quand tu veux danser avec nous!
13900,잠깐! 처음으로 돌아가시겠어요?,HOLD UP! DO YOU WANT TO RESET THE GAME?,お待ちください！最初に戻りますか？,等一下！要回到最初页面吗？,等一下！要回到最初頁面嗎？,สักครู่! จะกลับไปตอนแรกไหมคะ,"Tunggu, apakah kamu ingin kembali ke awal?",Chờ chút! Trở lại lúc đầu nhé?,Attendez! voudriez-vous revenir au début? 
14000,게임결과,GAME RESULTS,ゲーム結果,游戏结果,遊戲結果,ผลการแข่งขัน,Hasil permainan,Kết quả trò chơi,résultat d'un jeu
14100,최종결과,FINAL RESULTS,最終結果,最终结果,最終結果,ผลสุดท้าย,hasil akhir,kết quả chung cuộc,résultat définitif
14200,타이밍에 맞춰 JUMP 버튼을 눌러주세요,PRESS THE JUMP BUTTON AT THE RIGHT TIMING,タイミングに合わせてJUMPボタンを押してください,请按下JUMP按钮,請按下JUMP按鈕,กรุณากดปุ่ม JUMP ให้ตรงกับไทม์มิ่งค่ะ,Tekan tombol JUMP di waktu yang tepat.,Hãy nhấn nút JUMP cho khớp với thời gian nhé,Appuyez sur le bouton JUMP à temps
14201,타이밍에 맞춰 KICK 버튼을 눌러주세요,PRESS THE KICK BUTTON AT THE RIGHT TIMING,タイミングに合わせてKICKボタンを押してください,请按下KICK按钮,請按下KICK按鈕,กรุณากดปุ่ม KICK ให้ตรงกับไทม์มิ่งค่ะ,Tekan tombol KICK di waktu yang tepat.,Hãy nhấn nút KICK cho khớp với thời gian nhé,Appuyez sur le bouton KICK à temps
14300,범퍼카의 색상을 선택하세요!,CHOOSE THE BUMPER CARS' COLOR!,バンパーカーの色をお選びください！,请选择碰碰车的颜色！,請選擇碰碰車的顏色！,กรุณาเลือกสีของรถบั๊มค่ะ!,Silakan pilih warna mobil bumper!,Hãy chọn màu xe điện đụng!,Choisissez la couleur de votre pare-chocs !
14400,내 순위,ME,マイランキング,我的排名,我的排名,อันดับของฉัน,Peringkat saya,Thứ hạng mình,Mon classement
14500,티켓이 모자라요!,NOT ENOUGH TICKETS,チケットが足りません,票不够,票不夠,ตั๋วไม่พอค่ะ,Tiket tidak mencukupi.,Tôi thiếu vé.,Il n'y a pas assez de votes.
14600,다른 유저가 이용 중이에요!<br>잠시 후 다시 시도해주세요!,Another user is using it!<br>Please try again in a little while!,他のユーザーが利用しています！<br>しばらくしてからもう一度試してください！,其他用户正在使用！<br>请稍后再试！,其他用戶正在使用！<br>請稍後再試！,กำลังถูกใช้โดยผู้ใช้รายอื่น!<br>กรุณาลองใหม่อีกครั้งในอีกสักครู่ค่ะ!,Pengguna lain sedang menggunakannya!<br>Coba lagi nanti!,Người dùng khác đang sử dụng!<br>Một lát nữa hãy thử lại.,Utilisé par un autre utilisateur !<br>Essayez encore dans un instant.
14710,원더 스퀘어에서 푸드트럭을 이용해봐.<br>친구들과 함께 피크닉을 즐기는 것도 멋진 추억거리가 될 거야!,"Try the food truck at Wonder Square.<br>Enjoying a picnic with your friends will be a great memory, too!",ワンダースクエアでフードトラックをご利用ください。<br>友達と一緒にピクニックを楽しむのも素敵な思い出になるよ！,請在wonder square使用餐車。<br>和朋友们去野餐也会成为美好的回忆。,請在wonder square使用餐車。<br>和朋友們去野餐也會成爲美好的回憶。,ลองใช้รถฟู้ดทรัคที่วันเดอร์สแควดูสิ<br>สนุกกับการปิกนิกกับเพื่อนของคุณจะเป็นความทรงจำที่ดีด้วย!,Coba gunakan truk makanan di Wonder Square<br>Menikmati piknik bersama teman-teman juga akan menjadi kenangan yang indah!,Hãy thử sử dụng xe tải thực phẩm ở Wonder Square.<br>Tận hưởng buổi picnic cùng bạn bè cũng sẽ là một kỷ niệm đẹp!,Profitez du food truck à WONDER SQUARE.<br>Profiter d'un pique-nique avec vos amis sera aussi un excellent souvenir!
14720,고스트 하우스에서는 귀신을 피하는 방탈출 게임을 할 수 있어!<br>생각보다 어렵다구! 화이팅!,"At Ghost House, you can play a room escape game to avoid ghosts!<br>It's harder than you think! Go for it!",ゴーストハウスでは幽霊を避ける脱出ゲームができる！<br>思ったより難しいです！ がんばって！,可以边的鬼屋玩躲避鬼魂的密室逃脱游戏！<br>比想象的要难啊！ 加油！,可以邊的鬼屋玩躲避鬼魂的密室逃脫遊戲！<br>比想象的要難啊！ 加油！,ที่ Ghost House คุณสามารถเล่นเกมหนีห้องเพื่อหลีกเลี่ยงผีได้<br>ยากกว่าที่คิดครับ ไฟท์ติ้ง!,"Di Ghost House, Anda bisa memainkan permainan Escape Room yang menghindari hantu!<br>Ini lebih sulit dari yang saya kira. Semangat!",Ghosthouse có thể chơi trò thoát khỏi phòng mà bạn phải tránh ma!<br>Khó hơn mình nghĩ! Cố gắng lên!,Vous pouvez jouer à un jeu d'évasion de chambre pour éviter les fantômes chez les fantômes !<br>C'est plus dur que tu ne le penses! Allez-y!
14780,확인,Confirm,確認,确认,確認,การยืนยัน,Konfirmasi,kKểm tra,Oui
14790,취소,Cancel,キャンセル,取消,取消,การยกเลิก,Batal,Hủy bỏ,Annuler
14800,'를 획득하셨습니다.,You earned '.,をゲットしました。,已经获得,已經獲得,ได้รับ '' แล้วครับ,"Mendapatkan ""Reul""",Hãy thu thập ',Vous avez obtenu '
14810,코인 ,Coin,コイン ,WONDER币,WONDER幣,คอยน์,Koin,Xu,Pièce
14820,꽝,No luck,はずれ,空,空,พลาด ,Zonk,Không được gì,Perdu
14830,보상,Compensate,報酬,奖励,獎勵,รางวัล,Hadiah,Bồi thường,Récompense
14840,일일,daily  ,デイリー,每日,每日,รายวัน,Setiap hari,Hằng ngày,Quotidien
14850,K-원더랜드 방문하기,Visit the K-WONDERLAND,K-ワンダーランドに行く,到访K-WONDERLAND,到訪K-WONDERLAND,การเยี่ยม K-วันเดอร์แลนด์,Mengunjungi K-WONDERLAND,Thăm K-Wonderland,Aller au K-WONDERLAND
14860,K-스테이지 방문하기,Visit the K-STAGE,K-ステージに行く,到访K-STAGE,到訪K-STAGE,การเยี่ยม K-สเตจ,Mengunjungi K-STAGE,Tham quan K-Stage,Aller au K-STAGE
14870,K-스튜디오 방문하기,Visit the K-STUDIO,K-スタジオを訪問する,到访K-STUDIO,到訪K-STUDIO,การเยี่ยม K-สตุดิโอ,Mengunjungi K-STUDIO,Thăm K-Studio,Aller au K-STUDIO
14880,K-원더랜드 게임 1회 플레이하기,Play the K-WONDERLAND game once,K-ワンダーランドのゲームを1回プレイする,进行1次K-WONDERLAND游戏,進行1次K-WONDERLAND遊戲,เล่นเกม K-วันเดอร์แลนด์ 1 ครั้ง,Mainkan 1 game di K-WONDERLAND,Chơi 1 lần  game K-Wonderland,Jouer 1 fois au jeu K-WONDERLAND
14890,K-스테이지 게임 1회 플레이하기,Play the K-STAGE game once,K-ステージゲームを1回プレイする,进行1次K-STAGE游戏,進行1次K-STAGE遊戲,เล่นเกม K-สเตจ 1 ครั้ง,Mainkan 1 game di K-STAGE,Chơi 1 lần game K-Stage,Jouer 1 fois au jeu K-STAGE
14900,K-스튜디오 게임 1회 플레이하기,Play the K-STUDIO game once,K-スタジオゲームを1回プレイする,进行1次K-STUDIO游戏,進行1次K-STUDIO遊戲,เล่นเกม K-สตุดิโอ 1 ครั้ง,Mainkan 1 game di K-STUDIO,Chơi 1 lần game K-Studio,Jouer 1 fois au jeu K-STUDIO
14910,사진 촬영 후 피드에 1회 게시하기,Post the picture once on your feed after taking a photo,写真撮影後、フィードに1回投稿する,拍照后上传feed,拍照後上傳feed,โพสต์ฟีด 1 ครั้งหลังจากถ่ายภาพ,Ambil foto dan posting ke feed kamu satu kali,Chụp ảnh và đăng 1 lần lên feed,Publier 1 fois après avoir pris une photo
14920,주간,weekly,ウィークリー,每週,每週,รายสัปดาห์,Mingguan,Hàng tuần,Hebdomadaire
14930,월드 3개 1회 방문하기,Visit 3 Worlds once ,ワールド3つを1回訪問する,到访三个世界1次,到訪三個世界1次,เยี่ยมเวิลด์ 3 แห่ง 1 ครั้ง,Mengunjungi 3 world sekali,Thăm 1 lần 3 Wonder,Visiter 1 fois 3 LANDS
14940,한강 레이스 777M 달성하기,Complete 777M in the HAN RIVER Race,漢江レース777Mを達成する,完成汉江赛跑777M,完成漢江賽跑777M,การแข่งขันแม่น้ำฮันถึง 777 M,Capai jarak 777 meter dalam Lomba Lari Sungai Han,Đạt thành tích 777M ở giải đua sông Hàn,Atteindre 777m au HANGANG RACE
14950,모든 일일 퀘스트 3회 완료하기,Complete all daily quests 3 times,すべてのデイリークエストを3回完了する,完成所有每日任务3次,完成所有每日任務3次,ทำเควสต์ประจำวันทั้งหมด 3 ครั้งเสร็จ,Selesaikan semua Misi Harian sebanyak 3 kali,Hoàn thành tất cả nhiệm vụ hàng ngày 3 lần,Compléter 3 fois toutes les requêtes quotidiennes
14960,3일 연속 월드 방문하기,Visit the World for 3 consecutive days,3日間連続でワールドを訪問する,连续3天到访世界,連續3天到訪世界,เยี่ยมเวล์ด 3 วันต่อเนื่องกัน,Mengunjungi WORLD selama 3 hari berturut-turut,Thăm Wonder 3 ngày liên tiếp,Visiter 3 jours d'affilé le WORLD
14970,5일 연속 월드 방문하기,Visit the World for 5 consecutive days,5日間連続でワールドを訪問する,连续5天到访世界,連續5天到訪世界,เยี่ยมเวล์ด 5 วันต่อเนื่องกัน,Mengunjungi WORLD selama 5 hari berturut-turut,Thăm Wonder 5 ngày liên tiếp,Visiter 5 jours d'affilé le WORLD
14980,전체 게임 10회 플레이하기,Play the entire game 10 times,ゲーム全体を10回プレイする,进行全部游戏10次,進行全部遊戲10次,เล่นเก่มทั้งหมด 10 รอบ,Mainkan game Lengkap 10 kali,Chơi toàn bộ trò chơi 10 lần,Jouer 10 fois à tous les jeux
14990,사진 촬영 후 피드에 3회 게시하기,Post the picture 3 times on your feed after taking a photo,写真撮影後、フィードに3回投稿する,拍照后上传feed3次,拍照後上傳feed3次,โพสต์ฟีด 3 ครั้งหลังจากถ่ายภาพ,Ambil foto dan upload ke Feedmu sebanyak 3 kali,Chụp ảnh và đăng lên feed 3 lần,Publier 3 fois après avoir une photo
15000,월간,Monthly,マンスリー,每月,每月,รายเดือน,Bulanan,Hàng tháng,Mensuel
15001,원더캐슬에 입장해 재밌는 게임들을 즐겨봐요!,,,,,,Masuklah ke Wonder Castle dan nikmati berbagai permainan seru!,,
15002,"K-DRAW에서 K,WON,DER,LAND를 뽑아 마스터 배지를 획득해봐요!",,,,,,"Cobalah undian di K-DRAW dan kumpulkan huruf<br>K, W, O, N, D, E, R, L, A, N, D untuk mendapatkan lencana master!",,
15003,PHOTO ZONE에서 나만의 인생샷을 남겨보세요!,,,,,,Ambil foto terbaikmu di PHOTO ZONE!,,
15004,K-WONDERHALL에서 다양한 K-콘텐츠를 만나봐요.,,,,,,Temukan berbagai konten K di K-WONDERHALL.,,
15005,귀신들을 피해 폐교를 탈출해요!,,,,,,Kabur dari sekolah yang ditinggalkan sambil menghindari hantu!,,
15006,하늘 위로 올라가 K-원더랜드를 감상해 봐요!,,,,,,Naiklah ke atas langit dan nikmati pemandangan K-Wonderland!,,
15007,한강의 야경을 배경으로 다양한 체험을 해봐요!,,,,,,Cobalah berbagai pengalaman dengan latar belakang pemandangan malam Sungai Han!,,
15008,무대에 올라가 K-POP 스타가 되어봐요!,,,,,,Naik ke atas panggung dan jadilah bintang K-POP!,,
15009,마스터 배지를 모두 모아야 들어갈 수 있어요!,,,,,,Kamu hanya bisa masuk setelah mengumpulkan semua lencana master!,,
15010,월드 3개 10번 방문하기,Visit 3 Worlds 10 times,3つのワールドを10回訪問する,到访三个世界10次,到訪三個世界10次,เยี่ยมเวิลด์ 3 แห่ง 10 ครั้ง,Kunjungi 3 world sebanyak 10 kali,Thăm 10 lần 3 Wonder,Visiter 10 fois 3 LANDS
15020,K-원더어워즈 월드 시상식장 이동하기,Move to the K-WONDER AWARDS World ceremony venue,K-ワンダーアワーズワールドの授賞式の会場に移動する,移动至K-WONDER AWARDS世界颁奖礼现场,移動至K-WONDER AWARDS世界頒獎禮現場,ไปสถานที่จัดงาน K-วันเดอร์อวอร์ดโลก ,Menghadiri Acara Penghargaan K-WONDER Awards World,Đến lễ trao giải K-Wonder Awards,Aller à la salle des fêtes de K-AWARDS WORLD
15030,7일 연속 월드 방문하기,Visit the World for 7 consecutive days,7日間連続でワールドを訪問する,连续7天到访世界,連續7天到訪世界,เยี่ยมเวล์ด 5 วันต่อเนื่องกัน,Mengunjungi World selama 7 hari berturut-turut,Thăm Wonder 7 ngày liên tiếp,Visiter 7 jours d'affilé le WORLD
15040,주간 퀘스트 2회 완료하기,Complete weekly quests twice,ウィークリークエストを2回完了する,完成每週任务2次,完成每週任務2次,ทำเควสต์ประจำสัปดาห์ทั้งหมด 2 ครั้งเสร็จ,Selesaikan 2 Misi Mingguan,Hoàn thành nhiệm vụ hàng tuần 2 lần,Compléter 2 fois toutes les requêtes hebdomadaires
15050,코인 500개 이상 획득하기,Earn 500 coins or over,コインを500個以上ゲットする,获取500个或以上的WONDER币,獲取500個或以上的WONDER幣,ได้คอยน์มากกว่า 500 เหรียญ,Dapatkan 500 koin atau lebih,Nhận được hơn 500 xu,Collecter plus de 500 pièces
15060,전체 게임 30회 플레이하기,Play the entire game 30 times,ゲーム全体を30回プレイする,进行全部游戏30次,進行全部遊戲30次,เล่นเก่มทั้งหมด 30 รอบ,Mainkan game sebanyak 30 kali,Chơi toàn bộ trò chơi 30 lần,Jouer 30 fois à tous les jeux
15070,사진 촬영 후 피드에 10회 게시하기,Post the picture 10 times on your feed after taking a photo,写真を撮影してフィードに10回投稿する,拍照后上传feed10次,拍照後上傳feed10次,โพสต์ฟีด 10 ครั้งหลังจากถ่ายภาพ,Ambil foto dan upload ke Feedmu sebanyak 10 kali,Chụp ảnh và đăng lên feed 10 lần,Publier 10 fois après avoir pris une photo
15090,포토부스,Photobooth,フォトブース,摄影展台,攝影展臺,ตู้ถ่ายรูป,bilik foto,hiệu ảnh,Photobus
15100,게임방법,How to play,ゲームのやり方,如何玩游戏,如何玩遊戲,วิธีการเล่นเกม.,cara bermain,Cách chơi,méthode de jeu
15110,다음,Next,次,下一页,下一頁,ถัดไป,Berikutnya,Tiếp theo,Suivant
15120,이동거리,Distance,移動距離,距离,距離,ระยะทางที่เดินทาง,jarak tempuh,Khoảng cách,Rue
15130,문제,Question,質問,问题,問題,คำถาม,masalah,Câu hỏi,Question
15140,정답,Answer,回答,答案,答案,คำตอบ,jawabannya,Câu trả lời,La réponse
15150,점수,Points,点数,渐修,分數,จุด,poin,điểm số,Points
16000,퀘스트,Quest,探究します,寻觅,尋覓,เควส,pencarian,sự tìm kiếm,quête
20000,K-WONDERLAND에 온 걸 환영해! 여기 환영 풍선이야!,Welcome to K-WONDERLAND! Here is your welcome balloon!,K-WONDERLANDへようこそ！こちらがウェルカムバルーンだよ！,欢迎来到K-WONDERLAND！这是欢迎气球！,歡迎來到K-WONDERLAND！這是歡迎氣球！,ยินดีต้อนรับสู่ K-WONDERLAND! ตรงนี้คือลูกโป่งต้อนรับนะ!,Selamat datang di K-WONDERLAND! Ini adalah balon sambutan!,Chào mừng bạn đến với K-WONDERLAND! Đây là bong bóng chào mừng!,Bienvenue au K-WONDERLAND ! Voici un ballon de bienvenue !
20001,다양한 공간에서 인증샷을 찍고 피드에 업로드 해봐!,Take photos in mand spaces and upload to your feed!,様々な空間で認証ショットを撮ってフィードにアップしてみよう！,在各空间内拍下人生照并上传feed吧！,在各空間內拍下人生照片並上傳feed吧！,ถ่ายรูปยืนยันที่หลายที่ แล้วก็ลองอัพโหลดลงฟีดดูด้วยนะ!,Ambil foto selfie di berbagai tempat dan unggah ke feedmu!,Hãy chụp ảnh ở nhiều không gian khác nhau và tải lên feed!,Prend des photos dans différents endroits et publie-les dans ton file d'actualité !
20010,"원더홀에서 다양한 한류 소식을 확인한 다음, 함께 사진을 찍어보자!","Pick one from K,WON,DER,LAND! Complete all the letters to form 'K-WONDERLAND"" and earn the K-WONDERLAND Master Badge!","K, WON, DER, LANDの中から1つを選んでみよう！ K-WONDERLANDの文字を全て完成させてK-ワンダーランドマスターバッジをゲットしよう!",抽取K、WON、DER、LAND其中之一！完整拼出K-WONDERLAND，获取K-WONDERLAND大师徽章吧！,抽取K、WON、DER、LAND其中之一！完整拼出K-WONDERLAND，獲取K-WONDERLAND大師徽章吧！,"ลองเลือกอันหนึ่งระหว่าง K, WON, DER, LANDนะ เติมเต็มตัวอักษร K-WONDERLAND ทั้งหมด<br>มาแล้วค่อยได้รับตรามาสเตอร์ K-Wonderland กันเถอะ!","Pilih K, WON, DER, atau LAND! Selesaikan semua huruf K-WONDERLAND untuk mendapatkan<br>Lencana Master K-WONDERLAND!","Chọn một trong các chữ K, WON, DER, LAND! Hoàn thành tất cả các chữ cái K-WONDERLAND<br>Hãy kiếm huy hiệu master K-Wonderland!","Tire un parmi K, WON,DER, LAND ! Complète les lettres du K-WONDERLAND pour obtenir le badge Master !"
20101,K-DRAW에서 뽑기를 진행하여 K WON DER LAND를 완성시켜서 마스터 배지를 획득해보자!,Hold up! You don't have enough coins! Please collect coins and visit again!,ちょっと待って！ワンダーコインが足りません！コインを集めてもう一度来てください！,等一下！WONDER幣不足！請收集硬幣再來！,等一下！WONDER幣不足！請收集硬幣再來！,เดี๋ยวก่อน ขาดวันเดอร์คอยน์แล้วนะ เก็บคอยน์แล้วมาอีกครั้งหน่อยด้วยครับ,Tunggu! Kamu tidak memiliki Wonder Coin yang cukup! Kumpulkan lebih banyak dan datanglah kembali!,Chờ đã! Bạn thiếu xu WONDER! Hãy thu thập thêm xu và quay lại nhé!,Attendez ! Il manque des WONDER COINS ! Revenez en ayant collecté plus de pièces !
21000,"K, WON, DER, LAND 중에 하나를 뽑아봐!<br>K-WONDERLAND 글자를 모두 완성해서 K-원더랜드 마스터 배지를 획득해 보자!",Purchase 1 K-DRAW?,K-DRAW 1回分を購入しますか？,要不要购买一次K-DRAW？,要不要購買一次K-DRAW？,ซื้อ K-DRAW 1 ครั้งไหมคครับ,Ingin membeli 1 Lembar K-DRAW?,Nên mua K-DRAW một lần?,Voulez-vous acheter 1 K-DRAW ?
21001,K-DRAW 1회를 구매할까요?,,,,,,Apakah kamu ingin membeli satu kali kesempatan di K-DRAW?,,
21002,원더코인이 모자라요!<br> 코인을 모아 다시 와주세요.,HOLD YOU DON'T HAVE ENOUGH COINS! PLEASE COLLECT COINS AND REVISIT!,お待ちください！ワンダーコインが足りません！コインを集めてもう一度来てください！,等一下！WONDER币不足！请收集硬币再来！,等一下！WONDER幣不足！請收集硬幣再來！,กรุณารอสักครู่! เหรียญวันเดอร์ไม่เพียงพอค่ะ! เก็บเหรียญแล้วมาใหม่นะครับ!,Tunggu! Kamu tidak memiliki WONDER KOIN yang cukup! Kumpulkan lebih banyak dan kembalilah!,Chờ đã! Bạn thiếu xu WONDER! Hãy thu thập thêm xu và quay lại nhé!,Attendez! Il n’y a pas assez de WONDERCOIN! Revenez après gagner des COINS!
21003,K-WONDERLAND 뽑기 성공!,,,,,,Selamat! Kamu berhasil dalam undian K-WONDERLAND!,,
21010,K-스테이지에 온 걸 환영해!<br>여긴 꿈꿔왔던 너만의 무대를<br>만들 수 있는 월드야.,Welcome to K-STAGE!<br>This is a place where you can create the stage you’ve always dreamed of.,K-STAGEへようこそ！<br>ここは、夢に見たあなただけのステージを作ることができるワールドです。,欢迎来到K-舞台!<br>这里是能打造梦寐以求舞台的世界,歡迎來到K-舞台!<br>這裡是能打造夢寐以求舞台的世界,ยินดีต้อนรับสู่ K-STAGE!<br>คุณเคยใฝ่ฝันที่จะมีเวทีเป็นของตัวเองใช่มั้ย<br>นี่คือโลกที่คุณสามารถสร้างเวทีในฝันของคุณเองได้,selamat datang di K-STAGE.<br>disini kamu bisa membuat dunia stage impianmu terwujud,Chào mừng bạn đến với K-STAGE!<br>Đây là thế giới có thể tạo sân khấu của riêng mình mà bạn hằng mơ ước.,"Bienvenue au K-STAGE! <br>Ici, C'est le monde où tu peux créer la scène comme ce que tu voulais."
21020,무대 왼쪽에 있는 포탈로 가면<br>원더코인으로 아이템을 구매해서<br>원하는대로 무대를 꾸며볼 수 있어!,Go to the portal on the left side of the stage to purchase items with Wonder Coins and customize your stage as you wish!,ステージの左側にあるポータルに行けば、<br>ワンダーコインでアイテムを購入して<br>好きなように舞台を演出することができるんだ！,去舞台左侧的入口的话<br>使用奇迹币购买道具<br>可以装扮喜欢的舞台!,去舞台左側的入口的話<br>使用奇迹幣購買道具<br>可以裝扮喜歡的舞台!,หากไปที่พอร์ทัลทางด้านซ้ายของเวที<br>ใช้ไอเทมที่ซื้อด้วย Wonder Coins<br>คุณสามารถตกแต่งเวทีได้มากเท่าที่คุณต้องการ!<br>ซื้อสินค้าด้วย Wonder Coins<br>คุณสามารถตกแต่งเวทีได้ตามที่คุณต้องการ!,"jika kamu pergi ke portal sebelah kiri panggung,<br> kamu bisa membeli item dengan Wonder Coin ","Nếu bạn đi đến cổng bên trái của sân khấu,<br>Bạn có thể mua các vật phẩm bằng Wonder Coins<br>Và trang trí sân khấu theo ý thích của mình!","Si tu vas au portail(l'entrée) à la gauche de ta scène,<br>tu peux acheter des articles avec Wonder Coin et décorer ta scène comme tu veux!"
21030,너만의 무대를 완성하고<br>친구들을 초대해 멋진 공연을 펼쳐봐! ,Complete your stage and invite your friends to put on a great show!,あなただけのステージを完成させて<br>友達を招待して素敵なステージを披露しよう！ ,完成你的舞台<br>邀请好友一起展现帅气的演出吧!,完成你的舞台<br>邀請好友一起展現帥氣的演出吧!,เวทีสำหรับคุณได้เสร็จเรียบร้อยแล้ว<br>เชิญเพื่อนของคุณ มาร่วมแสดงผลงานที่ยอดเยี่ยมกันได้เลย!,"undang teman dan tampil dengan penampilan terbaikmu. buatlah panggung impianmu, ",Hoàn thiện sân khấu của riêng bạn <br>Và mời bạn bè đến tổ chức một buổi biểu diễn tuyệt vời!,"fais ta propre scène, et invite tes amis pour montrer ton excellente performance! "
21031,무대 ,Stage,ステージ ,舞台,舞台,เวที,panggung,Sân khấu,La scène
21032,효과,Effects,エフェクト,效果,效果,ประสิทธิภาพ,efek,Hiệu ứng,L'effet
21033,악기,Musical Instruments,楽器,乐器,樂器,เครื่องดนตรี,alat musik,Nhạc cụ,L'instrument de musique 
21034,카메라,Camera,カメラ,相机,相機,กล้อง,kamera,Máy camera,La caméra
21035,해당 [      ]를 구매 하시겠습니까?,Would you like to purchase [      ]?,該当する [     ]を購入しますか？,要购买[      ]这个吗?,要購買[      ]這個嗎?,ท่านต้องการซื้อ [      ]ดังกล่าวหรือไม่,ingin membeli per item? ,Bạn sẽ mua [      ] này chứ?,Voulez-vous acheter cet(te) [      ]?
21036,구매 시 원더코인 [      ]개가 소모됩니다.  ,Purchasing the item will cost [      ] Wonder Coins.,購入するとワンダーコイン[      ]個が消費されます。 ,购买需要消耗[      ]个奇迹币。,購買需要消耗[      ]個奇迹幣。,การซื้อมีค่าใช้จ่าย [      ] Wonder Coins,setelah membeli wonder coin akan berjumlah 10.000,Khi mua sẽ tốn [      ] Wonder Coins,[      ] wonder coins seront consommés pour cet achat.
21037,구매,Buy 혹은 Purchase,購入する,购买,購買,ซื้อ,beli,Mua,Acheter
21038,취소,Cancel,キャンセル,取消,取消,ยกเลิก,batal,Hủy,Annuler
21039,구매가 완료되었습니다.,Purchase completed.,購入が完了しました。,购买完成,購買完成,ซื้อเสร็จสิ้น,sudah dibeli,Đã mua xong,L'achat est terminé.
21040,인벤토리에서 확인하세요!,Check it out in the inventory!,インベントリーでご確認ください！,请确认包囊,請確認包囊,กรุณาตรวจสอบคลังสินค้า,cek inventori,Hãy kiểm tra trong kho đồ của bạn!,Vérifiez-le dans l'inventaire!
21041,확인,Confirm,確認する,确认,確認,ยืนยัน,cek,Kiểm tra,vérification
21042,원더코인이 모자라요!,You don’t have enough Wonder Coins!,ワンダーコインが足りません！,缺少奇迹币!,缺少奇迹幣!,Wonder Coins ไม่เพียงพอ,wonder koin kurang,Bạn không đủ Wonder Coins!,Vous n'avez pas assez de wondercoins!
21043,코인을 모아 다시 구매해주세요.,Please gather more coins and try again.,コインを集めて再購入してください。,请收集奇迹币之后再购买.,請收集奇迹幣之後再購買.,กรุณารวบรวมคอยน์และมาซื้ออีกครั้ง,kumpulkan lagi koin lalu beli lagi,Hãy thu thập thêm Coins và mua sau,économiser votre wondercoins et réessayer d'acheter.
21044,레이저,Laser,レーザー,激光,激光,เลเซอร์,laser,Tia laser,Laser
21045,불꽃,Flame,花火,火花,火花,พลุ,Kembang api,Pháo hoa,Le feu
21046,폭죽,Fireworks,爆竹,鞭炮,鞭炮,ประทัด,petasan,Pháo nổ,Le pétard
21047,안개,Fog,ミスト,雾霾,霧霾,หมอก,kabut,Sương mù,Le brouillard
21048,뿌리기,Sprinkle,スプレー,撒,撒,โรย,sprinkle,Rắc,Jeter
21049,보유중,In possession,保有中,已拥有,已擁有,อยู่ในความครอบครอง,Pegangan,Đang sở hữu,en possession
21050,마이크,Microphone,マイク,麦克风,麥克風,ไมค์,mikrofon,Micro,Le micro
21051,스피커,Speakers,スピーカー,扬声器,揚聲器,ลำโพง,Speaker,Loa,L'enceinte
21052,기타,Guitar,その他,其他,其他,อื่นๆ,lainnya,Khác,La guitare
21053,드럼,Drums,ドラム,鼓,鼓,กลอง,drum,Trống,Le tambour
21054,피아노,Piano,ピアノ,钢琴,鋼琴,เปียโน,piano,Đàn piano,Le piano
21055,카메라 각도,Camera Angle,カメラアングル,镜头角度,鏡頭角度,มุมกล้อง,Sudut kamera,Góc máy ,L'angle de caméra
21056,적용,Apply,適用,作用,作用,ใช้งาน,Menerapkan,Áp dụng,Application
21057,해제,Remove,解除,解除,解除,ยกเลิก,Hapus,Hủy bỏ,Annulation
21058,미보유,Not in possession,未保有,未拥有,未擁有,ไม่ครอบครอง,tidak tersedia,Không sở hữu,Absence de détention
21059,눈,Snow,雪,眼,眼,ดวงตา,salju,Tuyết,La neige
21060,비,Rain,雨,鼻,鼻,ฝน,Hujan,Mưa,La pluie
21061,색종이,Colored paper,紙吹雪,彩纸,彩紙,กระดาษสี,hiasan warna,Hoa giấy,Le papier de couleur
21062,친구초대,Invite Friends,友達招待,邀请好友,邀請好友,เชิญเพื่อน,undang teman,Mơi bạn bè,Inviter l'ami(e)
21063,받은초대함,Received Invitations,受け取った招待状,收到的邀请函,收到的邀請函,ได้รับคำเชิญแล้ว,undangan yang diterima,Đã nhận được lời mời,Invitation reçue
21064,초대, Invite,招待,邀请,邀請,การเชิญ,Undang,Mời,L'invitation  
21065,완료,Complete,完了,完成,完成,เสร็จสิ้น,selesai,Hoàn thành,Accompli€
21066,수락,Accept,受諾,接受,接受,อนุมัติ,izinkan,Chấp nhận,Accepter
21067,거절,Decline,断る,拒绝,拒絕,ปฏิเสธ,tolak,Từ chối,Refuser 
21068,포즈 아이돌 게임에 온 걸 환영해!,Welcome to the Poseidol Game!,ポーズアイドルゲームへようこそ！,欢迎来到摆姿偶像游戏!,歡迎來到擺姿偶像遊戲!,ยินดีต้อนรับสู่เกม Poseidol!,selamat datang di game Poseidol,Chào mừng bạn đến với trò chơi Poseidol!,"Bienvenue au jeu de ""Poseidole"" "
21069,싱글플레이,Single Player,シングルプレイ,单人模式,單人模式,ซิงเกิ้ลเพลย์,single play,Chơi một người,Du mode solo
21070,멀티플레이,Multiplayer,マルチプレイ,多人模式,多人模式,มัลติเพลย์,multi play,Chơi nhiều người ,DU mode multijoueur
21071,다른 플레이어를 찾는 중 입니다.<br>상대를 찾으면 게임이 자동 시작됩니다.,Searching for other players.The game will start automatically when another player is found.,他のプレイヤーを探しています。<br>対戦相手が見つかるとゲームが自動で開始されます。,正在找其他玩家。<br>找到对手游戏则自动开始。,正在找其他玩家。<br>找到對手遊戲則自動開始。,เรากำลังมองหาผู้เล่นคนอื่น<br>เมื่อคุณพบคู่ต่อสู้ เกมจะเริ่มต้นโดยอัตโนมัติ,"sedang mencari player lain, jika sudah bertemu game akan dimulai otomatis","Đang tìm người chơi khác<br>Khi tìm thấy người chơi, trò chơi sẽ tự động bắt đầu",En train de chercher un autre joueur.<br>Le jeu commence directement dès que vous trouvez un autre joueur.
21072,랭킹은 매월 1일 초기화 됩니다.,Rankings reset on the 1st of every month.,ランキングは毎月1日にリセットされます。,排位每月1日会初始化,排位每月1日會初始化,อันดับจะถูกรีเซ็ตทุกวันที่ 1 ของทุกเดือน,Peringkat diatur ulang pada tanggal 1 setiap bulannya,Xếp hạng sẽ được làm mới lại vào ngày mùng 1 hàng tháng,Le classement est réinitialisé chaque 1er du mois.
21073,포즈 아이돌,Poseidol,ポーズアイドル,摆姿偶像,擺姿偶像, Poseidol!,Poseidol,Poseidol,Poseidole
21074,유빈이의 춤과 일치하는 버튼 색깔을 기억하세요! ,Remember the button color that matches Yubin’s dance!,ユビンのダンスと一致するボタンの色を覚えてください！,记住和Yubin舞蹈一致的按钮颜色！,記住和Yubin舞蹈一致的按鈕顏色！,จำสีปุ่มที่เข้ากับการเต้นของยูบินกันเถอะ!,Jangan lupa untuk mencocokkan warna tombol dengan tarian Yubin!,Hãy nhớ màu nút tương ứng với điệu nhảy của Yubin!,mémorisez la couleur de bouton qui correspond à la danse de Youbine!
21075,유빈이의 춤에 맞는 버튼을 제한시간 안에 눌러주세요!,Press the button matching Yubin’s dance within the time limit!,ユビンのダンスに合ったボタンを制限時間内に押してください！,时间限制之内按下与Yubin舞蹈一致的按钮!,時間限制之內按下與Yubin舞蹈一致的按鈕!,กรุณากดปุ่มที่ตรงกับท่าเต้นของยูบินภายในเวลาที่กำหนด!,Tekan tombol yang tepat untuk tarian Yubin dalam durasi yang ditentukan!,Hãy nhấn nút phù hợp với điệu nhảy của Yubin trong thời gian quy định!,Appuyez le bouton qui correspond à la danse de Youbine dans le temps imparti!
21076,7 라운드까지 도전하세요! ,Challenge up to 7 rounds!,7ラウンドまで挑戦してください！,挑战到第7回合吧! ,挑戰到第7回合吧! ,ท้าทายตัวเองในรอบที่ 7!,Ayo selesaikan sampe stage 7,Hãy thử thách đến vòng 7!,défiez-vous jusqu'au rond 7.
21077,틀리면 게임이 종료되니 주의하세요!," Be careful, the game ends if you make a mistake!",間違えるとゲームオーバーになるので注意してください！,请注意如果错的话，游戏将结束!,請注意如果錯的話，遊戲將結束!,ต้องระวังเพราะถ้าคุณทำผิดเกมจะจบลง,Game akan berakhir jika melakukan kesalahan,"Nếu sai, trò chơi sẽ kết thúc, nên bạn cần chú ý!",Faites attention! Le jeu s'arrête si vous faites une erreur.
21078,5라운드를 클리어 후 마스터 배지를 획득할 수 있어요!,You can earn a Master Badge after clearing 5 rounds!,5ラウンドをクリアすると、マスターバッジを獲得できます！,完成5回合后会获得大师徽章!,完成5回合後會獲得大師徽章!,หลังจากเคลียร์ครบ 5 รอบ คุณจะได้รับตรามาสเตอร์!,jika kamu telah menyelesaikan stage 5 kamu akan mendapatkan lencana master,"Sau khi vượt qua vòng 5, bạn có thể nhận được huy hiệu Master!",Vous pouvez obtenir le master badge si vous terminez le rond 5.
21079,7라운드를 플레이하며 상대보다<br>더 높은 점수를 획득해요.,Play up to 7 rounds and score higher than your opponent.,7ラウンドをプレイして、相手よりも高いスコアを獲得しましょう。,进行第7回合的比赛，获得比对方更高的分数吧.,進行第7回合的比賽，獲得比對方更高的分數吧.,เล่น 7 รอบและทำคะแนนให้สูงกว่าคู่ต่อสู้ของคุณ,Mainkan tujuh stage dan dapatkan poin lebih banyak dari lawanmu,Hãy chơi vòng 7 và đạt điểm số cao hơn đối thủ.,Obtenez plus de points que l'adversaire en jouant jusqu'au rond 7 
21080,3개의 마스터 배지를 획득하면 1종 랜덤 보상이 지급됩니다.,Earn 3 Master Badges to receive a random reward.,3つのマスターバッジを獲得すると、1種のランダム報酬がもらえます。,收集3个大师徽章，则可以获得随机奖励,收集3個大師徽章，則可以獲得隨機獎勵,เมื่อคุณได้รับตราปรมาจารย์ 3 อัน คุณจะได้รับรางวัลแบบสุ่ม 1 อัน,Dapatkan 3 Lencana Master dan kamu akan menerima 1 hadiah secara random.,"Khi đạt được 3 huy hiệu Master, bạn sẽ nhận được một phần thưởng ngẫu nhiên",Vous aurez une récompense au hasard après avoir les 3 mater badges.
21081,축하드립니다.,Congratulations.,おめでとうございます。,恭喜你,恭喜你,ยินดีด้วย,Selamat! ,Chúc mừng bạn,Félicitation.
21082,3개의 마스터 배지를 획득하여<br>히든 아이템 1종을 얻었습니다.,You earned a hidden item by collecting 3 Master Badges.,3つのマスターバッジを獲得して<br>ヒドゥンアイテム1種を手に入れました。,获得3个大师徽章，<br>领取了1种隐藏道具.,獲得3個大師徽章，<br>領取了1種隱藏道具.,รับ 3 เหรียญตราระดับปรมาจารย์<br>ได้รับไอเทมที่ซ่อนอยู่ 1 ประเภท,Memperoleh 3 Lencana Master<br>1 Item tersembunyi,Bạn đã nhận được 1 loại item ẩn<br>Khi đạt được 3 huy hiệu Master,"Comme vous avez obtenu les 3 master badges,<br>vous avez obtenu un article(objet) cachés."
21083,버튼을 눌러 착용해보세요!,Press the button to equip!,ボタンを押して着用してみましょう！,点击按钮试穿一下吧！,點擊按鈕試穿一下吧！,กดปุ่มแล้วใส่ได้เลย!,tekan tombol lalu sesuaikan,Hãy nhấn nút và thử!,Appuyez le bouton pour l'essayer!
21084,왼쪽에 보이는 아이콘으로 무대를 꾸미고 친구를 초대할 수 있어!,You can decorate your stage with icons on the left and invite your friends!,左に見えるアイコンでステージを飾り、友達を招待できるよ！,可通过左边的图标装饰舞台后邀请好友吧！,可通過左邊的圖標裝飾舞台後邀請好友吧！,คุณสามารถตกแต่งเวทีและเชิญเพื่อน ๆ โดยใช้ไอคอนทางด้านซ้ายได้!,Hias panggungmu dengan ikon yang ada di sebelah kiri lalu undang teman-temanmu!,Bạn có thể trang trí sân khấu bằng biểu tượng bên trái và mời bạn bè tham gia!,Tu peux inviter tes amis et décorer ton stage avec l'icône à gauche de toi.
21085,너만의 무대에 온 걸 환영해! ,Welcome to your stage!,あなただけのステージへようこそ！,欢迎来到唯独你的舞台! ,歡迎來到唯獨你的舞台! ,ยินดีต้อนรับสู่เวทีของคุณเอง!,selamat datang di panggung impianmu,"Chào mừng bạn đến với sân khấu của riêng bạn!""",Bienvenu au stage que pour toi!
21086,시우,Siwoo,Siwoo,Siwoo,Siwoo,Siwoo,Siwoo,Siwoo,Siwoo
21087,유빈,Yubin,Yubin,Yubin,Yubin,Yubin,Yubin,Yubin,Yubin
21088,가빈,Gabin,Gabin,Gabin,Gabin,Gabin,Gabin,Gabin,Gabin
21089,지아,Jia,Jia,Jia,Jia,Jia,Jia,Jia,Jia
21090,하준,Hajun,Hajun,Hajun,Hajun,Hajun,Hajun,Hajun,Hajun
21091,LV.1,LV.1,LV.1,LV.1,LV.1,LV.1,LV.1,LV.1,LV.1
21092,LV.2,LV.2,LV.2,LV.2,LV.2,LV.2,LV.2,LV.2,LV.2
21093,LV.3,LV.3,LV.3,LV.3,LV.3,LV.3,LV.3,LV.3,LV.3
21094,베이직,BASIC,BASIC,BASIC,BASIC,BASIC,BASIC,BASIC,BASIC
21095,화이트,WHITE,WHITE,WHITE,WHITE,WHITE,WHITE,WHITE,WHITE
21096,골드,GOLD,GOLD,GOLD,GOLD,GOLD,GOLD,GOLD,GOLD
21097,촬영,shot,shot,shot,shot,shot,shot,shot,shot
21098,인벤토리,Inventory,Inventory,Inventory,Inventory,Inventory,Inventory,Inventory,Inventory
21099,상점,shop,shop,shop,shop,shop,shop,shop,shop
22000,이벤트,EVENT,事件です,EVENT,EVENT,EVENT,EVENT,EVENT,EVENT
